clip_id,rater_id,overall_mos,echo_annoyance_mos,nearend_naturalness_mos,acceptability_binary,confidence,headphone_passed,calibration_confirmed,submitted_at,system,item_uid,utt_id,scenario_bucket,task_type
hr_af6c35d5b6aafc,returned_human_item_summary_v1,2.4,1.83,4.27,0.0,4.0,1,1,2026-04-26T13:51:29+00:00,ASTWS public checkpoint transfer,low_ser_overlap__ee1c5fdc8eed5e1d,fileid_423,low_ser_overlap,rating
hr_cc7424618969ed,returned_human_item_summary_v1,3.67,2.9,3.98,1.0,4.0,1,1,2026-04-26T13:51:29+00:00,ASTWS public checkpoint transfer,low_ser_overlap__48dd58d6d20466b4,fileid_234,low_ser_overlap,rating
hr_f55e9ac0c40bff,returned_human_item_summary_v1,3.65,3.78,3.14,1.0,4.0,1,1,2026-04-26T13:51:29+00:00,SC-AEC-Echo,double_talk__e024e914b6b90bc5,doubletalk__f03ba73a__root__cdb9787d-c046-4ca1-9994-4161c27b0291_doubletalk,double_talk,rating
hr_5129b35dcaf1f7,returned_human_item_summary_v1,4.66,5.0,4.24,1.0,4.0,1,1,2026-04-26T13:51:29+00:00,SC-AEC-Preserve,near_end_single_talk__d54e883161fb8921,fileid_490,near_end_single_talk,rating
hr_05905ebcbcfaec,returned_human_item_summary_v1,3.0,4.49,2.3,0.0,4.0,1,1,2026-04-26T13:51:29+00:00,ASTWS-H16k,low_ser_overlap__21fc4cc8b85fd220,fileid_462,low_ser_overlap,rating
hr_eccafeb6b8f93b,returned_human_item_summary_v1,4.38,5.0,3.69,1.0,4.0,1,1,2026-04-26T13:51:29+00:00,SC-AEC-Echo,near_end_single_talk__9218f1e1fe829489,fileid_499,near_end_single_talk,rating
hr_1fb472681ef4e2,returned_human_item_summary_v1,2.4,4.41,1.58,0.0,4.0,1,1,2026-04-26T13:51:29+00:00,SC-AEC-Echo,noisy_double_talk__3f7e61365b9510ba,fileid_16,noisy_double_talk,rating
hr_44bd2effd2db85,returned_human_item_summary_v1,3.49,4.02,2.5,1.0,4.0,1,1,2026-04-26T13:51:29+00:00,SC-AEC-Preserve,low_ser_overlap__2ee61d92cda3842d,fileid_226,low_ser_overlap,rating
hr_53d6847a2ec6a5,returned_human_item_summary_v1,2.4,4.26,1.98,0.0,4.0,1,1,2026-04-26T13:51:29+00:00,ASTWS-H16k,noisy_double_talk__9afd20082238343b,fileid_126,noisy_double_talk,rating
hr_883d99ffef746d,returned_human_item_summary_v1,3.55,2.78,3.92,1.0,4.0,1,1,2026-04-26T13:51:29+00:00,SC-AEC-Preserve,far_end_single_talk__10097318ccca3ed0,farend-singletalk__eb6d9058__root__0WY0NIP5CUq6GqB5G3ZK0w_farend-singletalk,far_end_single_talk,rating
hr_a3441b28a47954,returned_human_item_summary_v1,3.81,4.2,3.53,1.0,3.0,1,1,2026-04-26T13:51:29+00:00,SC-AEC-Preserve,far_end_single_talk__a89650af17f760b6,farend-singletalk__eb6d9058__root__043c0213-3af9-4ccb-ad28-68df92069627_farend-singletalk,far_end_single_talk,rating
hr_a19222fdc50fff,returned_human_item_summary_v1,1.99,1.57,1.52,0.0,4.0,1,1,2026-04-26T13:51:29+00:00,NLMS,low_ser_overlap__e7e2eb825aced58d,fileid_159,low_ser_overlap,rating
hr_e9cd0a061663c7,returned_human_item_summary_v1,4.39,5.0,3.7,1.0,4.0,1,1,2026-04-26T13:51:29+00:00,NLMS,near_end_single_talk__9218f1e1fe829489,fileid_499,near_end_single_talk,rating
hr_9c80efce16c4c9,returned_human_item_summary_v1,3.78,4.45,2.75,1.0,4.0,1,1,2026-04-26T13:51:29+00:00,ASTWS-H16k,noisy_double_talk__3e7195c251ca3bcf,fileid_365,noisy_double_talk,rating
hr_90a651863e8300,returned_human_item_summary_v1,2.4,4.09,1.82,0.0,4.0,1,1,2026-04-26T13:51:29+00:00,Deep Echo public checkpoint transfer,noisy_double_talk__2e03707942a55f6e,fileid_141,noisy_double_talk,rating
hr_376b436a1ff8c7,returned_human_item_summary_v1,4.42,5.0,3.69,1.0,4.0,1,1,2026-04-26T13:51:29+00:00,NLMS,near_end_single_talk__06c9cfa2d4807f54,fileid_137,near_end_single_talk,rating
hr_dfd246c024d176,returned_human_item_summary_v1,4.61,5.0,4.11,1.0,4.0,1,1,2026-04-26T13:51:29+00:00,Deep Echo public checkpoint transfer,near_end_single_talk__d54e883161fb8921,fileid_490,near_end_single_talk,rating
hr_298f0819827c86,returned_human_item_summary_v1,4.59,5.0,4.07,1.0,4.0,1,1,2026-04-26T13:51:29+00:00,ASTWS public checkpoint transfer,near_end_single_talk__4389c5db03aa9991,fileid_32,near_end_single_talk,rating
hr_9273e3cd5f703f,returned_human_item_summary_v1,4.52,4.2,4.75,1.0,4.0,1,1,2026-04-26T13:51:29+00:00,NLMS,echo_path_motion__daba602bdbd4d165,farend-singletalk__eb6d9058__root__o1JZM00BDUqQGvIv01yOrA_farend-singletalk-with-movement,echo_path_motion,rating
hr_9b992295729101,returned_human_item_summary_v1,2.24,2.44,1.24,0.0,4.0,1,1,2026-04-26T13:51:29+00:00,NLMS,double_talk__b3846f1d2835c8c0,doubletalk__f03ba73a__root__hUcOKoqv0Uavp33Xrf2uWQ_doubletalk,double_talk,rating
hr_66154b78171982,returned_human_item_summary_v1,3.71,4.04,2.99,1.0,4.0,1,1,2026-04-26T13:51:29+00:00,NLMS,noisy_double_talk__78f2641ec051e5f2,fileid_93,noisy_double_talk,rating
hr_2025047c46d5e2,returned_human_item_summary_v1,4.57,4.58,4.42,1.0,4.0,1,1,2026-04-26T13:51:29+00:00,ASTWS-H16k,noisy_double_talk__4ce4f233a03871a4,fileid_128,noisy_double_talk,rating
hr_dadc4c1ba33ea5,returned_human_item_summary_v1,2.4,1.64,5.0,0.0,4.0,1,1,2026-04-26T13:51:29+00:00,ASTWS public checkpoint transfer,echo_path_motion__c09924bc3dab856f,farend-singletalk__eb6d9058__root__9d1645a6-0d73-4dd2-b946-619201420143_farend-singletalk-with-movement,echo_path_motion,rating
hr_324254e1903a35,returned_human_item_summary_v1,2.4,4.45,1.17,0.0,4.0,1,1,2026-04-26T13:51:29+00:00,SC-AEC-Preserve,noisy_double_talk__9afd20082238343b,fileid_126,noisy_double_talk,rating
hr_b355611a30288a,returned_human_item_summary_v1,4.01,4.51,3.21,1.0,4.0,1,1,2026-04-26T13:51:29+00:00,SC-AEC-Preserve,noisy_double_talk__dc66caeb10f55dd9,fileid_70,noisy_double_talk,rating
hr_eab0ff7b1eaa6c,returned_human_item_summary_v1,2.4,4.25,1.0,0.0,4.0,1,1,2026-04-26T13:51:29+00:00,SC-AEC-Echo,low_ser_overlap__21fc4cc8b85fd220,fileid_462,low_ser_overlap,rating
hr_9c7a4e93372dda,returned_human_item_summary_v1,3.59,4.16,2.59,1.0,4.0,1,1,2026-04-26T13:51:29+00:00,ASTWS-H16k,low_ser_overlap__e0d46cbd150da7bf,fileid_445,low_ser_overlap,rating
hr_fa8c3c324f80ff,returned_human_item_summary_v1,2.4,1.52,4.81,0.0,4.0,1,1,2026-04-26T13:51:29+00:00,ASTWS-H16k,far_end_single_talk__013d26421eefe63c,farend-singletalk__eb6d9058__root__f16e9c6e-e821-464d-b006-406d45bb9ada_farend-singletalk,far_end_single_talk,rating
hr_ffe34243d70396,returned_human_item_summary_v1,4.77,4.45,5.0,1.0,4.0,1,1,2026-04-26T13:51:29+00:00,NLMS,far_end_single_talk__fbb91f946fc5322f,farend-singletalk__eb6d9058__root__0kvK91dwhkWeBObblh0nLw_farend-singletalk,far_end_single_talk,rating
hr_60e535ff3db13b,returned_human_item_summary_v1,2.4,1.51,5.0,0.0,4.0,1,1,2026-04-26T13:51:29+00:00,NLMS,far_end_single_talk__013d26421eefe63c,farend-singletalk__eb6d9058__root__f16e9c6e-e821-464d-b006-406d45bb9ada_farend-singletalk,far_end_single_talk,rating
hr_d2187b5a3b5226,returned_human_item_summary_v1,2.4,4.09,1.97,0.0,4.0,1,1,2026-04-26T13:51:29+00:00,SC-AEC-Echo,low_ser_overlap__2ee61d92cda3842d,fileid_226,low_ser_overlap,rating
hr_53f34b1c4119e4,returned_human_item_summary_v1,2.4,1.84,4.75,0.0,4.0,1,1,2026-04-26T13:51:29+00:00,NLMS,echo_path_motion__c09924bc3dab856f,farend-singletalk__eb6d9058__root__9d1645a6-0d73-4dd2-b946-619201420143_farend-singletalk-with-movement,echo_path_motion,rating
hr_b6c8044cd8a857,returned_human_item_summary_v1,3.48,2.71,3.74,1.0,4.0,1,1,2026-04-26T13:51:29+00:00,ASTWS public checkpoint transfer,low_ser_overlap__25819470d2776d11,fileid_252,low_ser_overlap,rating
hr_127c4cffedfe9f,returned_human_item_summary_v1,3.6,4.49,2.92,1.0,3.0,1,1,2026-04-26T13:51:29+00:00,SC-AEC-Echo,far_end_single_talk__18a96c1f9b69341a,farend-singletalk__eb6d9058__root__unpL5MBUpkGSx4Utmp6NPg_farend-singletalk,far_end_single_talk,rating
hr_918b06d317ff4c,returned_human_item_summary_v1,2.4,1.85,5.0,0.0,4.0,1,1,2026-04-26T13:51:29+00:00,ASTWS public checkpoint transfer,far_end_single_talk__18a96c1f9b69341a,farend-singletalk__eb6d9058__root__unpL5MBUpkGSx4Utmp6NPg_farend-singletalk,far_end_single_talk,rating
hr_51d715c0a87900,returned_human_item_summary_v1,3.0,4.31,2.33,0.0,4.0,1,1,2026-04-26T13:51:29+00:00,SC-AEC-Preserve,double_talk__694c3420a10a8f3e,doubletalk__f03ba73a__root__4f4608a6-6904-421b-8d47-b1b177bec389_doubletalk,double_talk,rating
hr_236461438dd803,returned_human_item_summary_v1,4.54,4.26,4.75,1.0,4.0,1,1,2026-04-26T13:51:29+00:00,NLMS,echo_path_motion__dc27422d8707604b,farend-singletalk__eb6d9058__root__J38L7HovCECPO1oce0Ua2g_farend-singletalk-with-movement,echo_path_motion,rating
hr_06a4592d7b7160,returned_human_item_summary_v1,4.45,5.0,3.83,1.0,4.0,1,1,2026-04-26T13:51:29+00:00,ASTWS public checkpoint transfer,near_end_single_talk__f8fe73bf0a20a721,fileid_220,near_end_single_talk,rating
hr_8e42b4ccda82d6,returned_human_item_summary_v1,4.12,5.0,3.06,1.0,4.0,1,1,2026-04-26T13:51:29+00:00,Deep Echo public checkpoint transfer,near_end_single_talk__fb7cf57c7c22c517,fileid_408,near_end_single_talk,rating
hr_41fc89f9c2f45d,returned_human_item_summary_v1,2.4,3.87,1.4,0.0,4.0,1,1,2026-04-26T13:51:29+00:00,NLMS,noisy_double_talk__2e03707942a55f6e,fileid_141,noisy_double_talk,rating
hr_f4c7af06e99b0d,returned_human_item_summary_v1,3.55,3.32,3.32,1.0,4.0,1,1,2026-04-26T13:51:29+00:00,NLMS,low_ser_overlap__2ee61d92cda3842d,fileid_226,low_ser_overlap,rating
hr_a6d6101f6fad75,returned_human_item_summary_v1,4.4,5.0,3.7,1.0,4.0,1,1,2026-04-26T13:51:29+00:00,ASTWS public checkpoint transfer,near_end_single_talk__5790a68607db09b9,fileid_343,near_end_single_talk,rating
hr_1a28cd0294dd6f,returned_human_item_summary_v1,2.4,4.07,1.61,0.0,4.0,1,1,2026-04-26T13:51:29+00:00,SC-AEC-Preserve,noisy_double_talk__2e03707942a55f6e,fileid_141,noisy_double_talk,rating
hr_d42172ba8ed981,returned_human_item_summary_v1,3.0,4.14,2.31,0.0,4.0,1,1,2026-04-26T13:51:29+00:00,ASTWS-H16k,low_ser_overlap__8968c00fe8d7229e,fileid_18,low_ser_overlap,rating
hr_c36dfa5de7e6cb,returned_human_item_summary_v1,2.4,4.18,1.57,0.0,4.0,1,1,2026-04-26T13:51:29+00:00,SC-AEC-Preserve,low_ser_overlap__1063fa3bc36cd136,fileid_327,low_ser_overlap,rating
hr_75d89434d3f4e6,returned_human_item_summary_v1,2.4,1.39,4.75,0.0,4.0,1,1,2026-04-26T13:51:29+00:00,Deep Echo public checkpoint transfer,far_end_single_talk__3eff4a07f182cd69,farend-singletalk__eb6d9058__root__gm1jGyCc00KI1b65ow1E6A_farend-singletalk,far_end_single_talk,rating
hr_05bfd535894247,returned_human_item_summary_v1,3.0,2.35,4.46,0.0,4.0,1,1,2026-04-26T13:51:29+00:00,SC-AEC-Echo,far_end_single_talk__10097318ccca3ed0,farend-singletalk__eb6d9058__root__0WY0NIP5CUq6GqB5G3ZK0w_farend-singletalk,far_end_single_talk,rating
hr_2a40352e5b60b7,returned_human_item_summary_v1,4.85,4.65,5.0,1.0,4.0,1,1,2026-04-26T13:51:29+00:00,NLMS,far_end_single_talk__10097318ccca3ed0,farend-singletalk__eb6d9058__root__0WY0NIP5CUq6GqB5G3ZK0w_farend-singletalk,far_end_single_talk,rating
hr_a78f77d0f30079,returned_human_item_summary_v1,2.4,4.43,1.16,0.0,4.0,1,1,2026-04-26T13:51:29+00:00,SC-AEC-Echo,noisy_double_talk__9afd20082238343b,fileid_126,noisy_double_talk,rating
hr_be9dab960ca59a,returned_human_item_summary_v1,4.17,3.01,5.0,1.0,4.0,1,1,2026-04-26T13:51:29+00:00,ASTWS public checkpoint transfer,far_end_single_talk__c22008506fb03af3,farend-singletalk__eb6d9058__root__1uN6ZKjkE0ixLzBApJFouw_farend-singletalk,far_end_single_talk,rating
rep_7845673d3e3271,returned_human_item_summary_v1,2.4,1.97,5.0,0.0,4.0,1,1,2026-04-26T13:51:29+00:00,ASTWS public checkpoint transfer,far_end_single_talk__013d26421eefe63c,farend-singletalk__eb6d9058__root__f16e9c6e-e821-464d-b006-406d45bb9ada_farend-singletalk,far_end_single_talk,hidden_repeat
hr_515360700d675f,returned_human_item_summary_v1,3.0,3.76,2.05,0.0,4.0,1,1,2026-04-26T13:51:29+00:00,Deep Echo public checkpoint transfer,noisy_double_talk__3f7e61365b9510ba,fileid_16,noisy_double_talk,rating
hr_994995a5cf9786,returned_human_item_summary_v1,4.64,5.0,4.17,1.0,4.0,1,1,2026-04-26T13:51:29+00:00,NLMS,near_end_single_talk__62f5730dedbeddfb,fileid_461,near_end_single_talk,rating
hr_04fba2308a0ce7,returned_human_item_summary_v1,2.4,4.1,1.37,0.0,4.0,1,1,2026-04-26T13:51:29+00:00,SC-AEC-Echo,noisy_double_talk__2e03707942a55f6e,fileid_141,noisy_double_talk,rating
hr_14a25a269fd0ab,returned_human_item_summary_v1,3.47,3.86,2.62,1.0,4.0,1,1,2026-04-26T13:51:29+00:00,Deep Echo public checkpoint transfer,low_ser_overlap__2ee61d92cda3842d,fileid_226,low_ser_overlap,rating
hr_526c3d6f5de76c,returned_human_item_summary_v1,2.4,4.05,1.28,0.0,4.0,1,1,2026-04-26T13:51:29+00:00,NLMS,noisy_double_talk__3e7195c251ca3bcf,fileid_365,noisy_double_talk,rating
hr_ab9076e93a571b,returned_human_item_summary_v1,3.71,4.52,2.53,1.0,4.0,1,1,2026-04-26T13:51:29+00:00,ASTWS-H16k,low_ser_overlap__cc2efdd13de97d42,fileid_472,low_ser_overlap,rating
hr_9e295ab083e8b4,returned_human_item_summary_v1,3.0,3.94,2.4,0.0,4.0,1,1,2026-04-26T13:51:29+00:00,NLMS,low_ser_overlap__21fc4cc8b85fd220,fileid_462,low_ser_overlap,rating
hr_a0e777ed681802,returned_human_item_summary_v1,2.97,2.53,2.75,0.0,4.0,1,1,2026-04-26T13:51:29+00:00,NLMS,double_talk__fbf9c05a57bc9d86,doubletalk__f03ba73a__root__e5af1974-e440-4d99-87ed-a75ee6a05ca1_doubletalk,double_talk,rating
hr_b02b2857bf98a1,returned_human_item_summary_v1,4.39,5.0,3.69,1.0,4.0,1,1,2026-04-26T13:51:29+00:00,Deep Echo public checkpoint transfer,near_end_single_talk__5790a68607db09b9,fileid_343,near_end_single_talk,rating
hr_4dad495c591870,returned_human_item_summary_v1,3.73,4.36,2.79,1.0,4.0,1,1,2026-04-26T13:51:29+00:00,SC-AEC-Preserve,noisy_double_talk__00258497bb458d81,fileid_71,noisy_double_talk,rating
hr_c09aa9c3ff1708,returned_human_item_summary_v1,4.15,4.66,3.39,1.0,4.0,1,1,2026-04-26T13:51:29+00:00,ASTWS-H16k,noisy_double_talk__c109889ca5a76e63,fileid_110,noisy_double_talk,rating
hr_5e57cedc8f4155,returned_human_item_summary_v1,4.13,3.3,4.73,1.0,4.0,1,1,2026-04-26T13:51:29+00:00,SC-AEC-Preserve,far_end_single_talk__fbb91f946fc5322f,farend-singletalk__eb6d9058__root__0kvK91dwhkWeBObblh0nLw_farend-singletalk,far_end_single_talk,rating
hr_412ae63b040bdd,returned_human_item_summary_v1,4.45,5.0,3.84,1.0,4.0,1,1,2026-04-26T13:51:29+00:00,ASTWS-H16k,near_end_single_talk__62f5730dedbeddfb,fileid_461,near_end_single_talk,rating
hr_6fd6c8fb94e6f9,returned_human_item_summary_v1,2.4,4.33,1.44,0.0,4.0,1,1,2026-04-26T13:51:29+00:00,NLMS,low_ser_overlap__3a8cd8291a2f1a57,fileid_432,low_ser_overlap,rating
hr_d75209feb1a7d2,returned_human_item_summary_v1,4.3,5.0,3.57,1.0,4.0,1,1,2026-04-26T13:51:29+00:00,SC-AEC-Preserve,near_end_single_talk__f8fe73bf0a20a721,fileid_220,near_end_single_talk,rating
hr_dddfe579591503,returned_human_item_summary_v1,4.42,5.0,3.69,1.0,4.0,1,1,2026-04-26T13:51:29+00:00,ASTWS public checkpoint transfer,near_end_single_talk__06c9cfa2d4807f54,fileid_137,near_end_single_talk,rating
hr_3e08203158c7b4,returned_human_item_summary_v1,4.48,3.75,5.0,1.0,4.0,1,1,2026-04-26T13:51:29+00:00,NLMS,far_end_single_talk__c3f263829ad53168,farend-singletalk__eb6d9058__root__9TUrXnKCGEGzklkn3B4XjA_farend-singletalk,far_end_single_talk,rating
hr_56d8ca4deff96e,returned_human_item_summary_v1,2.4,1.99,4.68,0.0,4.0,1,1,2026-04-26T13:51:29+00:00,ASTWS-H16k,echo_path_motion__c09924bc3dab856f,farend-singletalk__eb6d9058__root__9d1645a6-0d73-4dd2-b946-619201420143_farend-singletalk-with-movement,echo_path_motion,rating
hr_5aeb1de048324d,returned_human_item_summary_v1,2.4,1.66,5.0,0.0,4.0,1,1,2026-04-26T13:51:29+00:00,ASTWS-H16k,far_end_single_talk__3eff4a07f182cd69,farend-singletalk__eb6d9058__root__gm1jGyCc00KI1b65ow1E6A_farend-singletalk,far_end_single_talk,rating
hr_df17fc2c8f8bc6,returned_human_item_summary_v1,4.35,5.0,3.6,1.0,4.0,1,1,2026-04-26T13:51:29+00:00,SC-AEC-Echo,near_end_single_talk__52ebf4e1da0c13dd,fileid_57,near_end_single_talk,rating
hr_97c08dbc23527c,returned_human_item_summary_v1,4.22,3.97,4.39,1.0,4.0,1,1,2026-04-26T13:51:29+00:00,SC-AEC-Preserve,far_end_single_talk__c3f263829ad53168,farend-singletalk__eb6d9058__root__9TUrXnKCGEGzklkn3B4XjA_farend-singletalk,far_end_single_talk,rating
hr_80f2508df8b475,returned_human_item_summary_v1,2.4,4.06,1.53,0.0,4.0,1,1,2026-04-26T13:51:29+00:00,SC-AEC-Preserve,low_ser_overlap__21fc4cc8b85fd220,fileid_462,low_ser_overlap,rating
hr_96bb6949a14f96,returned_human_item_summary_v1,4.44,5.0,3.82,1.0,4.0,1,1,2026-04-26T13:51:29+00:00,Deep Echo public checkpoint transfer,near_end_single_talk__4389c5db03aa9991,fileid_32,near_end_single_talk,rating
hr_fa0c578d718ab6,returned_human_item_summary_v1,3.62,3.01,3.77,1.0,4.0,1,1,2026-04-26T13:51:29+00:00,ASTWS public checkpoint transfer,noisy_double_talk__78f2641ec051e5f2,fileid_93,noisy_double_talk,rating
hr_3c6a4a69da4103,returned_human_item_summary_v1,4.11,3.93,4.01,1.0,4.0,1,1,2026-04-26T13:51:29+00:00,Deep Echo public checkpoint transfer,noisy_double_talk__4ce4f233a03871a4,fileid_128,noisy_double_talk,rating
hr_179452869396ff,returned_human_item_summary_v1,3.64,2.81,4.01,1.0,4.0,1,1,2026-04-26T13:51:29+00:00,ASTWS public checkpoint transfer,echo_path_motion__d13d5d45141a872f,doubletalk__f03ba73a__root__11831959-16d3-4240-b4d7-6c3f19936718_doubletalk-with-movement,echo_path_motion,rating
trap_6d94546af78c3e,returned_human_item_summary_v1,1.0,1.0,1.0,0.0,2.0,1,1,2026-04-26T13:51:29+00:00,All-Zero-Control,noisy_double_talk__c109889ca5a76e63,fileid_110,noisy_double_talk,degenerate_trap
hr_3d7e3acac2fd8d,returned_human_item_summary_v1,4.27,4.53,3.79,1.0,4.0,1,1,2026-04-26T13:51:29+00:00,ASTWS-H16k,noisy_double_talk__78f2641ec051e5f2,fileid_93,noisy_double_talk,rating
hr_58c3627908b9d7,returned_human_item_summary_v1,3.67,3.89,3.05,1.0,4.0,1,1,2026-04-26T13:51:29+00:00,ASTWS-H16k,double_talk__fbf9c05a57bc9d86,doubletalk__f03ba73a__root__e5af1974-e440-4d99-87ed-a75ee6a05ca1_doubletalk,double_talk,rating
hr_825d85516b7d85,returned_human_item_summary_v1,4.25,5.0,3.42,1.0,4.0,1,1,2026-04-26T13:51:29+00:00,NLMS,near_end_single_talk__84539a5ed2e47997,fileid_333,near_end_single_talk,rating
hr_b6a1a74f3e8f7a,returned_human_item_summary_v1,2.4,3.38,1.68,0.0,4.0,1,1,2026-04-26T13:51:29+00:00,NLMS,low_ser_overlap__cc2efdd13de97d42,fileid_472,low_ser_overlap,rating
rep_1ce4eb61d4b05c,returned_human_item_summary_v1,3.6,3.14,3.59,1.0,4.0,1,1,2026-04-26T13:51:29+00:00,NLMS,echo_path_motion__604f54c33e98bfeb,doubletalk__f03ba73a__root__08ec6dc2-c8a8-423f-a5b1-73affaef4cfa_doubletalk-with-movement,echo_path_motion,hidden_repeat
hr_c87ba0b1801e42,returned_human_item_summary_v1,4.28,5.0,3.45,1.0,4.0,1,1,2026-04-26T13:51:29+00:00,SC-AEC-Preserve,near_end_single_talk__52ebf4e1da0c13dd,fileid_57,near_end_single_talk,rating
hr_dc4f3e5f71e412,returned_human_item_summary_v1,3.73,4.31,3.31,1.0,3.0,1,1,2026-04-26T13:51:29+00:00,SC-AEC-Echo,far_end_single_talk__351ae176aef5a986,farend-singletalk__eb6d9058__root__UAHwsB4iRUmm990YSJJOtg_farend-singletalk,far_end_single_talk,rating
hr_afc444a7b1e0bb,returned_human_item_summary_v1,4.32,5.0,3.61,1.0,4.0,1,1,2026-04-26T13:51:29+00:00,ASTWS-H16k,near_end_single_talk__4389c5db03aa9991,fileid_32,near_end_single_talk,rating
rep_5af057348c6667,returned_human_item_summary_v1,3.83,4.15,3.19,1.0,4.0,1,1,2026-04-26T13:51:29+00:00,SC-AEC-Preserve,noisy_double_talk__78f2641ec051e5f2,fileid_93,noisy_double_talk,hidden_repeat
trap_0750e86ae69036,returned_human_item_summary_v1,1.0,1.0,1.0,0.0,2.0,1,1,2026-04-26T13:51:29+00:00,All-Zero-Control,far_end_single_talk__2c2343b31ea5a261,farend-singletalk__eb6d9058__root__bd8328b8-ed2d-4aed-9daa-eeda6ed8309a_farend-singletalk,far_end_single_talk,degenerate_trap
hr_92338e72563d13,returned_human_item_summary_v1,4.16,4.39,3.99,1.0,4.0,1,1,2026-04-26T13:51:29+00:00,SC-AEC-Echo,echo_path_motion__c8694656c51152a3,farend-singletalk__eb6d9058__root__GMR5LLJMJkWZGQ08TRPdnw_farend-singletalk-with-movement,echo_path_motion,rating
hr_89c1a50df01746,returned_human_item_summary_v1,3.38,3.58,2.71,1.0,4.0,1,1,2026-04-26T13:51:29+00:00,SC-AEC-Echo,echo_path_motion__604f54c33e98bfeb,doubletalk__f03ba73a__root__08ec6dc2-c8a8-423f-a5b1-73affaef4cfa_doubletalk-with-movement,echo_path_motion,rating
hr_b54510215165ed,returned_human_item_summary_v1,3.27,3.9,2.51,1.0,4.0,1,1,2026-04-26T13:51:29+00:00,ASTWS-H16k,double_talk__b3846f1d2835c8c0,doubletalk__f03ba73a__root__hUcOKoqv0Uavp33Xrf2uWQ_doubletalk,double_talk,rating
hr_6d391cfe8e0632,returned_human_item_summary_v1,2.4,1.3,5.0,0.0,4.0,1,1,2026-04-26T13:51:29+00:00,Deep Echo public checkpoint transfer,echo_path_motion__89501dc66c696f74,farend-singletalk__eb6d9058__root__903d630d-0994-4044-ad7b-a6ce3fb91395_farend-singletalk-with-movement,echo_path_motion,rating
hr_2bef7c26c0b026,returned_human_item_summary_v1,3.0,2.09,4.59,0.0,4.0,1,1,2026-04-26T13:51:29+00:00,ASTWS public checkpoint transfer,echo_path_motion__48865029d1b44cb6,doubletalk__f03ba73a__root__hC1ZhhrB20i7sGG0GbvFWg_doubletalk-with-movement,echo_path_motion,rating
hr_1ab9c1142745a0,returned_human_item_summary_v1,4.39,4.44,4.14,1.0,4.0,1,1,2026-04-26T13:51:29+00:00,NLMS,double_talk__dc393d5053797dce,doubletalk__f03ba73a__root__KVbGTrqdIU0FIbN1ZuX68g_doubletalk,double_talk,rating
hr_e85d99ca95a42e,returned_human_item_summary_v1,4.34,4.51,3.97,1.0,4.0,1,1,2026-04-26T13:51:29+00:00,ASTWS public checkpoint transfer,double_talk__7d3e5bc204150de8,doubletalk__f03ba73a__root__7f925492-c4a7-4ea6-9cb6-ae8aa666879e_doubletalk,double_talk,rating
hr_f051221395341f,returned_human_item_summary_v1,2.4,4.4,1.62,0.0,4.0,1,1,2026-04-26T13:51:29+00:00,SC-AEC-Echo,low_ser_overlap__8968c00fe8d7229e,fileid_18,low_ser_overlap,rating
hr_8f395ca97a63e6,returned_human_item_summary_v1,3.0,2.45,4.75,0.0,4.0,1,1,2026-04-26T13:51:29+00:00,NLMS,far_end_single_talk__3eff4a07f182cd69,farend-singletalk__eb6d9058__root__gm1jGyCc00KI1b65ow1E6A_farend-singletalk,far_end_single_talk,rating
hr_d411627e9ff9db,returned_human_item_summary_v1,2.4,1.17,4.57,0.0,4.0,1,1,2026-04-26T13:51:29+00:00,ASTWS public checkpoint transfer,double_talk__b3846f1d2835c8c0,doubletalk__f03ba73a__root__hUcOKoqv0Uavp33Xrf2uWQ_doubletalk,double_talk,rating
hr_cc3505ebc57c73,returned_human_item_summary_v1,3.47,3.84,2.64,1.0,4.0,1,1,2026-04-26T13:51:29+00:00,Deep Echo public checkpoint transfer,low_ser_overlap__25819470d2776d11,fileid_252,low_ser_overlap,rating
hr_1fdb17eecd88ab,returned_human_item_summary_v1,4.16,4.43,3.96,1.0,4.0,1,1,2026-04-26T13:51:29+00:00,SC-AEC-Preserve,echo_path_motion__c8694656c51152a3,farend-singletalk__eb6d9058__root__GMR5LLJMJkWZGQ08TRPdnw_farend-singletalk-with-movement,echo_path_motion,rating
hr_fe676a0f5cecb6,returned_human_item_summary_v1,3.26,2.87,3.08,1.0,4.0,1,1,2026-04-26T13:51:29+00:00,NLMS,low_ser_overlap__ee1c5fdc8eed5e1d,fileid_423,low_ser_overlap,rating
hr_e42d91dd065f8c,returned_human_item_summary_v1,4.64,5.0,4.17,1.0,4.0,1,1,2026-04-26T13:51:29+00:00,ASTWS public checkpoint transfer,near_end_single_talk__62f5730dedbeddfb,fileid_461,near_end_single_talk,rating
hr_bec6d850d80ce5,returned_human_item_summary_v1,4.61,5.0,4.11,1.0,4.0,1,1,2026-04-26T13:51:29+00:00,NLMS,near_end_single_talk__d54e883161fb8921,fileid_490,near_end_single_talk,rating
hr_d7204529b06863,returned_human_item_summary_v1,3.0,4.16,2.23,0.0,4.0,1,1,2026-04-26T13:51:29+00:00,SC-AEC-Preserve,low_ser_overlap__cc2efdd13de97d42,fileid_472,low_ser_overlap,rating
hr_ad93923a8531dc,returned_human_item_summary_v1,3.0,2.01,5.0,0.0,4.0,1,1,2026-04-26T13:51:29+00:00,NLMS,echo_path_motion__89501dc66c696f74,farend-singletalk__eb6d9058__root__903d630d-0994-4044-ad7b-a6ce3fb91395_farend-singletalk-with-movement,echo_path_motion,rating
hr_1c12caa9b2b9cf,returned_human_item_summary_v1,3.0,2.18,4.08,0.0,4.0,1,1,2026-04-26T13:51:29+00:00,ASTWS public checkpoint transfer,double_talk__e024e914b6b90bc5,doubletalk__f03ba73a__root__cdb9787d-c046-4ca1-9994-4161c27b0291_doubletalk,double_talk,rating
hr_f43387b86491a5,returned_human_item_summary_v1,4.05,2.74,5.0,1.0,4.0,1,1,2026-04-26T13:51:29+00:00,Deep Echo public checkpoint transfer,far_end_single_talk__5578c650afd460ea,farend-singletalk__eb6d9058__root__3e6lVI5h9UeSlRekiZb9gw_farend-singletalk,far_end_single_talk,rating
hr_1e5c4d52cec5e7,returned_human_item_summary_v1,2.4,4.71,1.35,0.0,4.0,1,1,2026-04-26T13:51:29+00:00,ASTWS-H16k,double_talk__ee2f1c34a5affb7a,doubletalk__f03ba73a__root__0CI8zRqd2U609L9H09qWrA_doubletalk,double_talk,rating
hr_c2952f86fbe15c,returned_human_item_summary_v1,2.4,3.67,1.95,0.0,4.0,1,1,2026-04-26T13:51:29+00:00,NLMS,noisy_double_talk__9e64a17e918989f5,fileid_234,noisy_double_talk,rating
hr_044de5927bfe8c,returned_human_item_summary_v1,2.84,2.22,2.76,0.0,4.0,1,1,2026-04-26T13:51:29+00:00,NLMS,echo_path_motion__102b09a8f53351ea,doubletalk__f03ba73a__root__hdNQZhLx0Ui03H20NSBv1g_doubletalk-with-movement,echo_path_motion,rating
hr_784213927205aa,returned_human_item_summary_v1,3.86,2.84,4.6,1.0,4.0,1,1,2026-04-26T13:51:29+00:00,SC-AEC-Echo,far_end_single_talk__5578c650afd460ea,farend-singletalk__eb6d9058__root__3e6lVI5h9UeSlRekiZb9gw_farend-singletalk,far_end_single_talk,rating
hr_c3558b03564ad2,returned_human_item_summary_v1,2.4,4.1,1.73,0.0,4.0,1,1,2026-04-26T13:51:29+00:00,ASTWS-H16k,low_ser_overlap__25819470d2776d11,fileid_252,low_ser_overlap,rating
hr_641ace7bf38712,returned_human_item_summary_v1,3.61,4.1,2.73,1.0,4.0,1,1,2026-04-26T13:51:29+00:00,SC-AEC-Preserve,echo_path_motion__17a98cacd7bbd12a,doubletalk__f03ba73a__root__b54e05b3-0807-45e7-8993-df7c7fe23969_doubletalk-with-movement,echo_path_motion,rating
hr_2488f495dc143a,returned_human_item_summary_v1,4.36,4.89,3.66,1.0,4.0,1,1,2026-04-26T13:51:29+00:00,Deep Echo public checkpoint transfer,double_talk__6624c4ebc90ade47,doubletalk__f03ba73a__root__iQLkmqqiZkijw0RrsbLYlQ_doubletalk,double_talk,rating
hr_133a913fb994d0,returned_human_item_summary_v1,2.4,4.52,1.75,0.0,4.0,1,1,2026-04-26T13:51:29+00:00,SC-AEC-Echo,echo_path_motion__12025881922cf0b2,doubletalk__f03ba73a__root__7688e22a-bf62-4e86-9d74-882e52599b5b_doubletalk-with-movement,echo_path_motion,rating
hr_68eea19bd29ad5,returned_human_item_summary_v1,3.72,4.58,2.61,1.0,4.0,1,1,2026-04-26T13:51:29+00:00,SC-AEC-Echo,noisy_double_talk__dc66caeb10f55dd9,fileid_70,noisy_double_talk,rating
hr_0eea2281099ea3,returned_human_item_summary_v1,4.8,4.53,5.0,1.0,4.0,1,1,2026-04-26T13:51:29+00:00,ASTWS-H16k,far_end_single_talk__fbb91f946fc5322f,farend-singletalk__eb6d9058__root__0kvK91dwhkWeBObblh0nLw_farend-singletalk,far_end_single_talk,rating
hr_4671c5eac56592,returned_human_item_summary_v1,3.82,3.54,3.73,1.0,4.0,1,1,2026-04-26T13:51:29+00:00,ASTWS-H16k,echo_path_motion__12025881922cf0b2,doubletalk__f03ba73a__root__7688e22a-bf62-4e86-9d74-882e52599b5b_doubletalk-with-movement,echo_path_motion,rating
hr_d96d02f619dd63,returned_human_item_summary_v1,2.4,3.87,1.88,0.0,4.0,1,1,2026-04-26T13:51:29+00:00,SC-AEC-Echo,noisy_double_talk__0b324e7d44377dd6,fileid_97,noisy_double_talk,rating
hr_ef5640e9e54340,returned_human_item_summary_v1,3.0,2.02,3.9,0.0,4.0,1,1,2026-04-26T13:51:29+00:00,ASTWS public checkpoint transfer,echo_path_motion__102b09a8f53351ea,doubletalk__f03ba73a__root__hdNQZhLx0Ui03H20NSBv1g_doubletalk-with-movement,echo_path_motion,rating
hr_37a5ef2c54fc73,returned_human_item_summary_v1,3.68,4.23,2.74,1.0,4.0,1,1,2026-04-26T13:51:29+00:00,Deep Echo public checkpoint transfer,noisy_double_talk__00258497bb458d81,fileid_71,noisy_double_talk,rating
hr_1d00b85d60c9cd,returned_human_item_summary_v1,2.4,1.43,4.85,0.0,4.0,1,1,2026-04-26T13:51:29+00:00,SC-AEC-Echo,far_end_single_talk__2c2343b31ea5a261,farend-singletalk__eb6d9058__root__bd8328b8-ed2d-4aed-9daa-eeda6ed8309a_farend-singletalk,far_end_single_talk,rating
rep_a5c77395c16722,returned_human_item_summary_v1,3.0,2.02,3.9,0.0,4.0,1,1,2026-04-26T13:51:29+00:00,ASTWS public checkpoint transfer,echo_path_motion__102b09a8f53351ea,doubletalk__f03ba73a__root__hdNQZhLx0Ui03H20NSBv1g_doubletalk-with-movement,echo_path_motion,hidden_repeat
hr_9f03fd837ff335,returned_human_item_summary_v1,2.4,1.75,5.0,0.0,4.0,1,1,2026-04-26T13:51:29+00:00,Deep Echo public checkpoint transfer,echo_path_motion__c09924bc3dab856f,farend-singletalk__eb6d9058__root__9d1645a6-0d73-4dd2-b946-619201420143_farend-singletalk-with-movement,echo_path_motion,rating
hr_9a358ba6c5b144,returned_human_item_summary_v1,4.34,5.0,3.6,1.0,4.0,1,1,2026-04-26T13:51:29+00:00,ASTWS-H16k,near_end_single_talk__ff3be81b2951c71a,fileid_129,near_end_single_talk,rating
hr_d5e8961b754d0e,returned_human_item_summary_v1,4.47,4.81,4.08,1.0,4.0,1,1,2026-04-26T13:51:29+00:00,ASTWS-H16k,double_talk__63e2345becbf5a53,doubletalk__f03ba73a__root__31cfa60c-8aa2-441f-b7b6-e0db619ae909_doubletalk,double_talk,rating
hr_013d64b0ec4100,returned_human_item_summary_v1,3.0,3.11,2.28,0.0,4.0,1,1,2026-04-26T13:51:29+00:00,Deep Echo public checkpoint transfer,echo_path_motion__102b09a8f53351ea,doubletalk__f03ba73a__root__hdNQZhLx0Ui03H20NSBv1g_doubletalk-with-movement,echo_path_motion,rating
hr_c50ce222546e7b,returned_human_item_summary_v1,4.48,5.0,3.9,1.0,4.0,1,1,2026-04-26T13:51:29+00:00,SC-AEC-Preserve,near_end_single_talk__62f5730dedbeddfb,fileid_461,near_end_single_talk,rating
hr_af2b06bba9f025,returned_human_item_summary_v1,2.4,4.57,1.67,0.0,4.0,1,1,2026-04-26T13:51:29+00:00,ASTWS-H16k,low_ser_overlap__48dd58d6d20466b4,fileid_234,low_ser_overlap,rating
hr_6ac7e4ace0cb0a,returned_human_item_summary_v1,3.0,2.12,5.0,0.0,4.0,1,1,2026-04-26T13:51:29+00:00,ASTWS public checkpoint transfer,echo_path_motion__daba602bdbd4d165,farend-singletalk__eb6d9058__root__o1JZM00BDUqQGvIv01yOrA_farend-singletalk-with-movement,echo_path_motion,rating
hr_17499c92424af3,returned_human_item_summary_v1,3.0,4.14,2.38,0.0,4.0,1,1,2026-04-26T13:51:29+00:00,SC-AEC-Echo,double_talk__694c3420a10a8f3e,doubletalk__f03ba73a__root__4f4608a6-6904-421b-8d47-b1b177bec389_doubletalk,double_talk,rating
hr_0b18f73701f1b8,returned_human_item_summary_v1,2.4,1.75,3.33,0.0,4.0,1,1,2026-04-26T13:51:29+00:00,ASTWS public checkpoint transfer,noisy_double_talk__284efc673d120b17,fileid_137,noisy_double_talk,rating
hr_24d7d5a90906f6,returned_human_item_summary_v1,2.4,4.28,1.0,0.0,4.0,1,1,2026-04-26T13:51:29+00:00,SC-AEC-Echo,noisy_double_talk__9e64a17e918989f5,fileid_234,noisy_double_talk,rating
hr_7b969bcf527a83,returned_human_item_summary_v1,4.49,4.96,3.88,1.0,4.0,1,1,2026-04-26T13:51:29+00:00,Deep Echo public checkpoint transfer,double_talk__63e2345becbf5a53,doubletalk__f03ba73a__root__31cfa60c-8aa2-441f-b7b6-e0db619ae909_doubletalk,double_talk,rating
hr_7bd84c5427ff68,returned_human_item_summary_v1,2.4,4.74,1.0,0.0,3.0,1,1,2026-04-26T13:51:29+00:00,SC-AEC-Echo,double_talk__12b7b6c3f2118e02,doubletalk__f03ba73a__root__v000iTBmeEWxqSnlgG0dYg_doubletalk,double_talk,rating
hr_95b10172c9c2a1,returned_human_item_summary_v1,4.32,4.28,4.15,1.0,4.0,1,1,2026-04-26T13:51:29+00:00,ASTWS public checkpoint transfer,double_talk__54b8ea2e02770f5e,doubletalk__f03ba73a__root__g6A4GlGjWU6B0ejlO4tSbQ_doubletalk,double_talk,rating
hr_9a649c7d447162,returned_human_item_summary_v1,3.73,3.05,3.98,1.0,4.0,1,1,2026-04-26T13:51:29+00:00,ASTWS public checkpoint transfer,noisy_double_talk__dc66caeb10f55dd9,fileid_70,noisy_double_talk,rating
hr_c38810b6486ee2,returned_human_item_summary_v1,3.0,2.01,5.0,0.0,4.0,1,1,2026-04-26T13:51:29+00:00,ASTWS public checkpoint transfer,far_end_single_talk__fbb91f946fc5322f,farend-singletalk__eb6d9058__root__0kvK91dwhkWeBObblh0nLw_farend-singletalk,far_end_single_talk,rating
hr_21d2a4511d475c,returned_human_item_summary_v1,3.0,4.11,2.2,0.0,4.0,1,1,2026-04-26T13:51:29+00:00,SC-AEC-Preserve,noisy_double_talk__c109889ca5a76e63,fileid_110,noisy_double_talk,rating
hr_560bd1a1d6f76c,returned_human_item_summary_v1,3.0,4.37,2.01,0.0,4.0,1,1,2026-04-26T13:51:29+00:00,ASTWS-H16k,low_ser_overlap__3a8cd8291a2f1a57,fileid_432,low_ser_overlap,rating
hr_d77846448c1649,returned_human_item_summary_v1,4.82,4.61,4.97,1.0,4.0,1,1,2026-04-26T13:51:29+00:00,ASTWS-H16k,far_end_single_talk__18a96c1f9b69341a,farend-singletalk__eb6d9058__root__unpL5MBUpkGSx4Utmp6NPg_farend-singletalk,far_end_single_talk,rating
hr_5ea54d729de363,returned_human_item_summary_v1,3.0,3.66,2.19,0.0,4.0,1,1,2026-04-26T13:51:29+00:00,Deep Echo public checkpoint transfer,low_ser_overlap__e7e2eb825aced58d,fileid_159,low_ser_overlap,rating
hr_0e8f3e6bfe316f,returned_human_item_summary_v1,3.97,4.55,3.22,1.0,4.0,1,1,2026-04-26T13:51:29+00:00,ASTWS-H16k,double_talk__694c3420a10a8f3e,doubletalk__f03ba73a__root__4f4608a6-6904-421b-8d47-b1b177bec389_doubletalk,double_talk,rating
hr_a35af5381a6907,returned_human_item_summary_v1,4.41,4.63,4.02,1.0,4.0,1,1,2026-04-26T13:51:29+00:00,SC-AEC-Preserve,double_talk__dc393d5053797dce,doubletalk__f03ba73a__root__KVbGTrqdIU0FIbN1ZuX68g_doubletalk,double_talk,rating
hr_711003df3abfee,returned_human_item_summary_v1,4.0,2.62,5.0,1.0,4.0,1,1,2026-04-26T13:51:29+00:00,Deep Echo public checkpoint transfer,echo_path_motion__dc27422d8707604b,farend-singletalk__eb6d9058__root__J38L7HovCECPO1oce0Ua2g_farend-singletalk-with-movement,echo_path_motion,rating
hr_9632f52f44e685,returned_human_item_summary_v1,3.0,2.49,5.0,0.0,4.0,1,1,2026-04-26T13:51:29+00:00,Deep Echo public checkpoint transfer,far_end_single_talk__a89650af17f760b6,farend-singletalk__eb6d9058__root__043c0213-3af9-4ccb-ad28-68df92069627_farend-singletalk,far_end_single_talk,rating
hr_c2b81b4996ad8d,returned_human_item_summary_v1,3.56,3.08,3.6,1.0,4.0,1,1,2026-04-26T13:51:29+00:00,ASTWS-H16k,double_talk__e024e914b6b90bc5,doubletalk__f03ba73a__root__cdb9787d-c046-4ca1-9994-4161c27b0291_doubletalk,double_talk,rating
hr_0915e5ded715a1,returned_human_item_summary_v1,3.0,3.83,2.49,0.0,4.0,1,1,2026-04-26T13:51:29+00:00,NLMS,echo_path_motion__12025881922cf0b2,doubletalk__f03ba73a__root__7688e22a-bf62-4e86-9d74-882e52599b5b_doubletalk-with-movement,echo_path_motion,rating
hr_0c5ab5efc483d5,returned_human_item_summary_v1,2.4,3.89,1.84,0.0,4.0,1,1,2026-04-26T13:51:29+00:00,SC-AEC-Preserve,low_ser_overlap__e7e2eb825aced58d,fileid_159,low_ser_overlap,rating
hr_09f368f122fd27,returned_human_item_summary_v1,2.4,4.68,1.0,0.0,3.0,1,1,2026-04-26T13:51:29+00:00,SC-AEC-Echo,echo_path_motion__d13d5d45141a872f,doubletalk__f03ba73a__root__11831959-16d3-4240-b4d7-6c3f19936718_doubletalk-with-movement,echo_path_motion,rating
hr_a5b21699bd3381,returned_human_item_summary_v1,3.0,4.08,2.35,0.0,4.0,1,1,2026-04-26T13:51:29+00:00,ASTWS-H16k,noisy_double_talk__2e03707942a55f6e,fileid_141,noisy_double_talk,rating
hr_1399ba4eb23e2e,returned_human_item_summary_v1,4.4,5.0,3.72,1.0,4.0,1,1,2026-04-26T13:51:29+00:00,SC-AEC-Preserve,near_end_single_talk__5790a68607db09b9,fileid_343,near_end_single_talk,rating
hr_1a6bef4ac28ff0,returned_human_item_summary_v1,3.84,4.51,2.91,1.0,4.0,1,1,2026-04-26T13:51:29+00:00,SC-AEC-Echo,noisy_double_talk__00258497bb458d81,fileid_71,noisy_double_talk,rating
hr_3a31bf07a90017,returned_human_item_summary_v1,4.39,4.41,4.17,1.0,4.0,1,1,2026-04-26T13:51:29+00:00,SC-AEC-Echo,noisy_double_talk__4ce4f233a03871a4,fileid_128,noisy_double_talk,rating
rep_fcc9cd977ab8cb,returned_human_item_summary_v1,3.98,4.06,3.58,1.0,4.0,1,1,2026-04-26T13:51:29+00:00,ASTWS public checkpoint transfer,low_ser_overlap__3a8cd8291a2f1a57,fileid_432,low_ser_overlap,hidden_repeat
hr_ae75750bb3de08,returned_human_item_summary_v1,2.4,4.32,1.51,0.0,4.0,1,1,2026-04-26T13:51:29+00:00,Deep Echo public checkpoint transfer,noisy_double_talk__9afd20082238343b,fileid_126,noisy_double_talk,rating
hr_444fad3d360e54,returned_human_item_summary_v1,2.4,1.88,4.75,0.0,4.0,1,1,2026-04-26T13:51:29+00:00,SC-AEC-Preserve,far_end_single_talk__3eff4a07f182cd69,farend-singletalk__eb6d9058__root__gm1jGyCc00KI1b65ow1E6A_farend-singletalk,far_end_single_talk,rating
hr_dc610e5c1e768c,returned_human_item_summary_v1,3.85,4.07,3.27,1.0,4.0,1,1,2026-04-26T13:51:29+00:00,Deep Echo public checkpoint transfer,noisy_double_talk__0b324e7d44377dd6,fileid_97,noisy_double_talk,rating
hr_365972497eaf6b,returned_human_item_summary_v1,2.4,3.83,1.85,0.0,4.0,1,1,2026-04-26T13:51:29+00:00,Deep Echo public checkpoint transfer,low_ser_overlap__ee1c5fdc8eed5e1d,fileid_423,low_ser_overlap,rating
hr_5df94a903a099d,returned_human_item_summary_v1,2.4,4.49,1.16,0.0,4.0,1,1,2026-04-26T13:51:29+00:00,SC-AEC-Preserve,noisy_double_talk__9e64a17e918989f5,fileid_234,noisy_double_talk,rating
hr_629595b5be4151,returned_human_item_summary_v1,3.0,2.18,3.73,0.0,4.0,1,1,2026-04-26T13:51:29+00:00,ASTWS-H16k,echo_path_motion__17a98cacd7bbd12a,doubletalk__f03ba73a__root__b54e05b3-0807-45e7-8993-df7c7fe23969_doubletalk-with-movement,echo_path_motion,rating
rep_f68f1e7c3b1709,returned_human_item_summary_v1,4.34,4.51,3.97,1.0,4.0,1,1,2026-04-26T13:51:29+00:00,ASTWS public checkpoint transfer,double_talk__7d3e5bc204150de8,doubletalk__f03ba73a__root__7f925492-c4a7-4ea6-9cb6-ae8aa666879e_doubletalk,double_talk,hidden_repeat
hr_4f373fb51f4f41,returned_human_item_summary_v1,4.07,4.48,3.47,1.0,4.0,1,1,2026-04-26T13:51:29+00:00,ASTWS-H16k,noisy_double_talk__00258497bb458d81,fileid_71,noisy_double_talk,rating
hr_b66c7634a3fc0e,returned_human_item_summary_v1,2.4,1.97,5.0,0.0,4.0,1,1,2026-04-26T13:51:29+00:00,ASTWS public checkpoint transfer,far_end_single_talk__013d26421eefe63c,farend-singletalk__eb6d9058__root__f16e9c6e-e821-464d-b006-406d45bb9ada_farend-singletalk,far_end_single_talk,rating
hr_d9f975febc27db,returned_human_item_summary_v1,2.4,1.44,4.63,0.0,4.0,1,1,2026-04-26T13:51:29+00:00,SC-AEC-Preserve,far_end_single_talk__2c2343b31ea5a261,farend-singletalk__eb6d9058__root__bd8328b8-ed2d-4aed-9daa-eeda6ed8309a_farend-singletalk,far_end_single_talk,rating
hr_afeb16b8e5a131,returned_human_item_summary_v1,2.4,1.45,5.0,0.0,4.0,1,1,2026-04-26T13:51:29+00:00,ASTWS public checkpoint transfer,echo_path_motion__89501dc66c696f74,farend-singletalk__eb6d9058__root__903d630d-0994-4044-ad7b-a6ce3fb91395_farend-singletalk-with-movement,echo_path_motion,rating
hr_16b177a49186d5,returned_human_item_summary_v1,3.66,4.08,2.86,1.0,4.0,1,1,2026-04-26T13:51:29+00:00,SC-AEC-Echo,double_talk__fbf9c05a57bc9d86,doubletalk__f03ba73a__root__e5af1974-e440-4d99-87ed-a75ee6a05ca1_doubletalk,double_talk,rating
hr_0ce41d9f7ee144,returned_human_item_summary_v1,3.55,3.93,2.76,1.0,4.0,1,1,2026-04-26T13:51:29+00:00,SC-AEC-Preserve,double_talk__fbf9c05a57bc9d86,doubletalk__f03ba73a__root__e5af1974-e440-4d99-87ed-a75ee6a05ca1_doubletalk,double_talk,rating
hr_8eb415875949ef,returned_human_item_summary_v1,2.4,1.58,4.95,0.0,4.0,1,1,2026-04-26T13:51:29+00:00,Deep Echo public checkpoint transfer,far_end_single_talk__2c2343b31ea5a261,farend-singletalk__eb6d9058__root__bd8328b8-ed2d-4aed-9daa-eeda6ed8309a_farend-singletalk,far_end_single_talk,rating
hr_7702e5deabf67d,returned_human_item_summary_v1,4.4,5.0,3.64,1.0,4.0,1,1,2026-04-26T13:51:29+00:00,NLMS,near_end_single_talk__e261cdf4019f72ed,fileid_197,near_end_single_talk,rating
hr_cf27ed69a0bdbf,returned_human_item_summary_v1,3.0,2.08,4.12,0.0,4.0,1,1,2026-04-26T13:51:29+00:00,ASTWS public checkpoint transfer,low_ser_overlap__8968c00fe8d7229e,fileid_18,low_ser_overlap,rating
hr_a732517161cc9b,returned_human_item_summary_v1,4.4,5.0,3.71,1.0,4.0,1,1,2026-04-26T13:51:29+00:00,SC-AEC-Echo,near_end_single_talk__5790a68607db09b9,fileid_343,near_end_single_talk,rating
hr_5c8ee0df80a342,returned_human_item_summary_v1,2.4,4.84,1.0,0.0,3.0,1,1,2026-04-26T13:51:29+00:00,SC-AEC-Echo,double_talk__ee2f1c34a5affb7a,doubletalk__f03ba73a__root__0CI8zRqd2U609L9H09qWrA_doubletalk,double_talk,rating
hr_6d10b817cfd0ae,returned_human_item_summary_v1,2.4,4.92,1.82,0.0,4.0,1,1,2026-04-26T13:51:29+00:00,SC-AEC-Echo,echo_path_motion__811cb271f26d428a,doubletalk__f03ba73a__root__Km8brWUHUUmGVbTjlvSt9g_doubletalk-with-movement,echo_path_motion,rating
hr_05fda347f5872f,returned_human_item_summary_v1,2.4,4.29,1.52,0.0,4.0,1,1,2026-04-26T13:51:29+00:00,Deep Echo public checkpoint transfer,low_ser_overlap__21fc4cc8b85fd220,fileid_462,low_ser_overlap,rating
hr_1bd046f782149a,returned_human_item_summary_v1,2.4,4.57,1.67,0.0,4.0,1,1,2026-04-26T13:51:29+00:00,ASTWS-H16k,noisy_double_talk__9e64a17e918989f5,fileid_234,noisy_double_talk,rating
hr_6996d54a99edb7,returned_human_item_summary_v1,4.47,4.65,4.14,1.0,4.0,1,1,2026-04-26T13:51:29+00:00,SC-AEC-Echo,double_talk__6624c4ebc90ade47,doubletalk__f03ba73a__root__iQLkmqqiZkijw0RrsbLYlQ_doubletalk,double_talk,rating
hr_eb6a241255084a,returned_human_item_summary_v1,4.09,2.83,5.0,1.0,4.0,1,1,2026-04-26T13:51:29+00:00,ASTWS public checkpoint transfer,far_end_single_talk__c3f263829ad53168,farend-singletalk__eb6d9058__root__9TUrXnKCGEGzklkn3B4XjA_farend-singletalk,far_end_single_talk,rating
hr_88cc3b48518919,returned_human_item_summary_v1,4.49,5.0,3.85,1.0,4.0,1,1,2026-04-26T13:51:29+00:00,SC-AEC-Echo,near_end_single_talk__e261cdf4019f72ed,fileid_197,near_end_single_talk,rating
hr_1fa633623bf2e1,returned_human_item_summary_v1,4.49,4.96,3.88,1.0,4.0,1,1,2026-04-26T13:51:29+00:00,NLMS,double_talk__63e2345becbf5a53,doubletalk__f03ba73a__root__31cfa60c-8aa2-441f-b7b6-e0db619ae909_doubletalk,double_talk,rating
hr_6e2f5d94cb7ca0,returned_human_item_summary_v1,4.22,4.34,3.89,1.0,4.0,1,1,2026-04-26T13:51:29+00:00,SC-AEC-Echo,double_talk__54b8ea2e02770f5e,doubletalk__f03ba73a__root__g6A4GlGjWU6B0ejlO4tSbQ_doubletalk,double_talk,rating
hr_b5da8dcc74befc,returned_human_item_summary_v1,3.76,4.16,2.97,1.0,4.0,1,1,2026-04-26T13:51:29+00:00,ASTWS-H16k,noisy_double_talk__0b324e7d44377dd6,fileid_97,noisy_double_talk,rating
hr_f4982a294c499a,returned_human_item_summary_v1,4.31,5.0,3.58,1.0,4.0,1,1,2026-04-26T13:51:29+00:00,NLMS,near_end_single_talk__f8fe73bf0a20a721,fileid_220,near_end_single_talk,rating
hr_6287d96ee58d00,returned_human_item_summary_v1,4.32,4.02,4.53,1.0,4.0,1,1,2026-04-26T13:51:29+00:00,SC-AEC-Preserve,echo_path_motion__dc27422d8707604b,farend-singletalk__eb6d9058__root__J38L7HovCECPO1oce0Ua2g_farend-singletalk-with-movement,echo_path_motion,rating
hr_8804194af23af2,returned_human_item_summary_v1,4.32,4.28,4.15,1.0,4.0,1,1,2026-04-26T13:51:29+00:00,Deep Echo public checkpoint transfer,double_talk__54b8ea2e02770f5e,doubletalk__f03ba73a__root__g6A4GlGjWU6B0ejlO4tSbQ_doubletalk,double_talk,rating
hr_9fa373e8e077d0,returned_human_item_summary_v1,3.0,2.26,4.13,0.0,4.0,1,1,2026-04-26T13:51:29+00:00,ASTWS public checkpoint transfer,echo_path_motion__811cb271f26d428a,doubletalk__f03ba73a__root__Km8brWUHUUmGVbTjlvSt9g_doubletalk-with-movement,echo_path_motion,rating
rep_c3e37441e1a71e,returned_human_item_summary_v1,4.4,5.0,3.67,1.0,4.0,1,1,2026-04-26T13:51:29+00:00,ASTWS public checkpoint transfer,near_end_single_talk__84539a5ed2e47997,fileid_333,near_end_single_talk,hidden_repeat
hr_7f2783db05fe32,returned_human_item_summary_v1,4.3,4.43,4.04,1.0,4.0,1,1,2026-04-26T13:51:29+00:00,ASTWS-H16k,double_talk__54b8ea2e02770f5e,doubletalk__f03ba73a__root__g6A4GlGjWU6B0ejlO4tSbQ_doubletalk,double_talk,rating
hr_0b10d6f3472c3f,returned_human_item_summary_v1,4.34,3.42,5.0,1.0,4.0,1,1,2026-04-26T13:51:29+00:00,NLMS,far_end_single_talk__a89650af17f760b6,farend-singletalk__eb6d9058__root__043c0213-3af9-4ccb-ad28-68df92069627_farend-singletalk,far_end_single_talk,rating
hr_75e9a9f87a8267,returned_human_item_summary_v1,4.24,3.98,4.24,1.0,4.0,1,1,2026-04-26T13:51:29+00:00,Deep Echo public checkpoint transfer,echo_path_motion__17a98cacd7bbd12a,doubletalk__f03ba73a__root__b54e05b3-0807-45e7-8993-df7c7fe23969_doubletalk-with-movement,echo_path_motion,rating
hr_3d122270a861ad,returned_human_item_summary_v1,4.11,2.88,5.0,1.0,4.0,1,1,2026-04-26T13:51:29+00:00,Deep Echo public checkpoint transfer,echo_path_motion__daba602bdbd4d165,farend-singletalk__eb6d9058__root__o1JZM00BDUqQGvIv01yOrA_farend-singletalk-with-movement,echo_path_motion,rating
hr_bcc4edbca2029c,returned_human_item_summary_v1,3.94,3.87,3.68,1.0,4.0,1,1,2026-04-26T13:51:29+00:00,Deep Echo public checkpoint transfer,echo_path_motion__811cb271f26d428a,doubletalk__f03ba73a__root__Km8brWUHUUmGVbTjlvSt9g_doubletalk-with-movement,echo_path_motion,rating
hr_e714a8963283f5,returned_human_item_summary_v1,2.4,1.77,3.85,0.0,4.0,1,1,2026-04-26T13:51:29+00:00,ASTWS public checkpoint transfer,low_ser_overlap__4463078ac2b3d54f,fileid_205,low_ser_overlap,rating
hr_4b33bc7cdf685f,returned_human_item_summary_v1,2.4,1.3,4.73,0.0,4.0,1,1,2026-04-26T13:51:29+00:00,ASTWS-H16k,far_end_single_talk__2c2343b31ea5a261,farend-singletalk__eb6d9058__root__bd8328b8-ed2d-4aed-9daa-eeda6ed8309a_farend-singletalk,far_end_single_talk,rating
hr_301616c4f5b438,returned_human_item_summary_v1,3.86,4.52,3.37,1.0,3.0,1,1,2026-04-26T13:51:29+00:00,SC-AEC-Echo,far_end_single_talk__c22008506fb03af3,farend-singletalk__eb6d9058__root__1uN6ZKjkE0ixLzBApJFouw_farend-singletalk,far_end_single_talk,rating
hr_777b7775cbb19f,returned_human_item_summary_v1,3.0,3.72,2.29,0.0,4.0,1,1,2026-04-26T13:51:29+00:00,SC-AEC-Echo,double_talk__ca88d7d0c20a699a,doubletalk__f03ba73a__root__b598b326-384b-42ce-99ca-6d3fe128c111_doubletalk,double_talk,rating
hr_39c0d1dd5f4142,returned_human_item_summary_v1,4.61,4.7,4.41,1.0,4.0,1,1,2026-04-26T13:51:29+00:00,ASTWS-H16k,echo_path_motion__811cb271f26d428a,doubletalk__f03ba73a__root__Km8brWUHUUmGVbTjlvSt9g_doubletalk-with-movement,echo_path_motion,rating
hr_55eeab11048015,returned_human_item_summary_v1,3.64,3.88,2.98,1.0,4.0,1,1,2026-04-26T13:51:29+00:00,NLMS,double_talk__694c3420a10a8f3e,doubletalk__f03ba73a__root__4f4608a6-6904-421b-8d47-b1b177bec389_doubletalk,double_talk,rating
hr_463bbbda2e86c0,returned_human_item_summary_v1,2.4,4.49,1.16,0.0,4.0,1,1,2026-04-26T13:51:29+00:00,SC-AEC-Preserve,low_ser_overlap__48dd58d6d20466b4,fileid_234,low_ser_overlap,rating
hr_cdc62a1ca91582,returned_human_item_summary_v1,3.85,3.01,4.28,1.0,4.0,1,1,2026-04-26T13:51:29+00:00,ASTWS public checkpoint transfer,low_ser_overlap__2ee61d92cda3842d,fileid_226,low_ser_overlap,rating
hr_fb2984cdf72052,returned_human_item_summary_v1,4.11,3.53,4.53,1.0,4.0,1,1,2026-04-26T13:51:29+00:00,SC-AEC-Echo,far_end_single_talk__fbb91f946fc5322f,farend-singletalk__eb6d9058__root__0kvK91dwhkWeBObblh0nLw_farend-singletalk,far_end_single_talk,rating
hr_f5454d9b63fea3,returned_human_item_summary_v1,4.73,4.37,5.0,1.0,4.0,1,1,2026-04-26T13:51:29+00:00,NLMS,far_end_single_talk__c22008506fb03af3,farend-singletalk__eb6d9058__root__1uN6ZKjkE0ixLzBApJFouw_farend-singletalk,far_end_single_talk,rating
hr_133dbab9a3d2ad,returned_human_item_summary_v1,3.3,3.12,3.01,1.0,4.0,1,1,2026-04-26T13:51:29+00:00,SC-AEC-Preserve,double_talk__b3846f1d2835c8c0,doubletalk__f03ba73a__root__hUcOKoqv0Uavp33Xrf2uWQ_doubletalk,double_talk,rating
hr_04a8b5c635fa91,returned_human_item_summary_v1,2.4,4.23,1.12,0.0,4.0,1,1,2026-04-26T13:51:29+00:00,SC-AEC-Preserve,echo_path_motion__d13d5d45141a872f,doubletalk__f03ba73a__root__11831959-16d3-4240-b4d7-6c3f19936718_doubletalk-with-movement,echo_path_motion,rating
hr_363e7ff0b77f3f,returned_human_item_summary_v1,4.64,5.0,4.17,1.0,4.0,1,1,2026-04-26T13:51:29+00:00,Deep Echo public checkpoint transfer,near_end_single_talk__62f5730dedbeddfb,fileid_461,near_end_single_talk,rating
hr_c40ea1ffffe175,returned_human_item_summary_v1,4.74,4.38,5.0,1.0,4.0,1,1,2026-04-26T13:51:29+00:00,NLMS,echo_path_motion__c8694656c51152a3,farend-singletalk__eb6d9058__root__GMR5LLJMJkWZGQ08TRPdnw_farend-singletalk-with-movement,echo_path_motion,rating
trap_91f91672ade1da,returned_human_item_summary_v1,1.0,1.0,1.0,0.0,2.0,1,1,2026-04-26T13:51:29+00:00,All-Zero-Control,low_ser_overlap__e7e2eb825aced58d,fileid_159,low_ser_overlap,degenerate_trap
hr_04d602a867b8e3,returned_human_item_summary_v1,4.51,5.0,3.89,1.0,4.0,1,1,2026-04-26T13:51:29+00:00,SC-AEC-Echo,near_end_single_talk__06c9cfa2d4807f54,fileid_137,near_end_single_talk,rating
hr_9347425d8a18d8,returned_human_item_summary_v1,3.0,4.31,2.08,0.0,4.0,1,1,2026-04-26T13:51:29+00:00,ASTWS-H16k,noisy_double_talk__284efc673d120b17,fileid_137,noisy_double_talk,rating
hr_764ad50bc45d3e,returned_human_item_summary_v1,2.4,4.67,1.23,0.0,4.0,1,1,2026-04-26T13:51:29+00:00,NLMS,low_ser_overlap__1063fa3bc36cd136,fileid_327,low_ser_overlap,rating
hr_e88d33fcb352b5,returned_human_item_summary_v1,4.73,4.36,5.0,1.0,4.0,1,1,2026-04-26T13:51:29+00:00,Deep Echo public checkpoint transfer,far_end_single_talk__c3f263829ad53168,farend-singletalk__eb6d9058__root__9TUrXnKCGEGzklkn3B4XjA_farend-singletalk,far_end_single_talk,rating
hr_46f1281b505d2b,returned_human_item_summary_v1,4.4,5.0,3.67,1.0,4.0,1,1,2026-04-26T13:51:29+00:00,ASTWS public checkpoint transfer,near_end_single_talk__84539a5ed2e47997,fileid_333,near_end_single_talk,rating
hr_6501fb3d6190d0,returned_human_item_summary_v1,3.94,4.45,3.16,1.0,4.0,1,1,2026-04-26T13:51:29+00:00,SC-AEC-Echo,noisy_double_talk__78f2641ec051e5f2,fileid_93,noisy_double_talk,rating
hr_2abecd90559ebf,returned_human_item_summary_v1,2.4,4.37,1.71,0.0,4.0,1,1,2026-04-26T13:51:29+00:00,SC-AEC-Echo,low_ser_overlap__cc2efdd13de97d42,fileid_472,low_ser_overlap,rating
rep_88c6f11077f324,returned_human_item_summary_v1,3.64,3.88,2.98,1.0,4.0,1,1,2026-04-26T13:51:29+00:00,NLMS,double_talk__694c3420a10a8f3e,doubletalk__f03ba73a__root__4f4608a6-6904-421b-8d47-b1b177bec389_doubletalk,double_talk,hidden_repeat
hr_8dba5dad226b38,returned_human_item_summary_v1,4.74,4.37,5.0,1.0,4.0,1,1,2026-04-26T13:51:29+00:00,ASTWS-H16k,far_end_single_talk__c22008506fb03af3,farend-singletalk__eb6d9058__root__1uN6ZKjkE0ixLzBApJFouw_farend-singletalk,far_end_single_talk,rating
hr_fdd0166763b2ba,returned_human_item_summary_v1,4.53,4.62,4.3,1.0,4.0,1,1,2026-04-26T13:51:29+00:00,SC-AEC-Echo,double_talk__7d3e5bc204150de8,doubletalk__f03ba73a__root__7f925492-c4a7-4ea6-9cb6-ae8aa666879e_doubletalk,double_talk,rating
hr_07bb2b5e56b737,returned_human_item_summary_v1,2.4,4.15,1.64,0.0,4.0,1,1,2026-04-26T13:51:29+00:00,NLMS,noisy_double_talk__284efc673d120b17,fileid_137,noisy_double_talk,rating
hr_c6ebd1e0dbad74,returned_human_item_summary_v1,3.28,3.42,2.59,1.0,4.0,1,1,2026-04-26T13:51:29+00:00,Deep Echo public checkpoint transfer,low_ser_overlap__8968c00fe8d7229e,fileid_18,low_ser_overlap,rating
hr_1008148cca6a32,returned_human_item_summary_v1,3.49,3.93,2.59,1.0,4.0,1,1,2026-04-26T13:51:29+00:00,Deep Echo public checkpoint transfer,noisy_double_talk__c109889ca5a76e63,fileid_110,noisy_double_talk,rating
hr_5e894e581fae5f,returned_human_item_summary_v1,4.33,3.39,5.0,1.0,4.0,1,1,2026-04-26T13:51:29+00:00,ASTWS-H16k,far_end_single_talk__a89650af17f760b6,farend-singletalk__eb6d9058__root__043c0213-3af9-4ccb-ad28-68df92069627_farend-singletalk,far_end_single_talk,rating
hr_ca56100c0edce8,returned_human_item_summary_v1,3.99,2.87,4.8,1.0,4.0,1,1,2026-04-26T13:51:29+00:00,SC-AEC-Preserve,echo_path_motion__c09924bc3dab856f,farend-singletalk__eb6d9058__root__9d1645a6-0d73-4dd2-b946-619201420143_farend-singletalk-with-movement,echo_path_motion,rating
hr_bbc7184d681c0d,returned_human_item_summary_v1,3.66,2.56,4.3,1.0,4.0,1,1,2026-04-26T13:51:29+00:00,ASTWS public checkpoint transfer,low_ser_overlap__e7e2eb825aced58d,fileid_159,low_ser_overlap,rating
hr_95c86915850541,returned_human_item_summary_v1,4.36,4.66,3.88,1.0,4.0,1,1,2026-04-26T13:51:29+00:00,SC-AEC-Echo,echo_path_motion__48865029d1b44cb6,doubletalk__f03ba73a__root__hC1ZhhrB20i7sGG0GbvFWg_doubletalk-with-movement,echo_path_motion,rating
hr_bbf503788cfdff,returned_human_item_summary_v1,3.0,3.26,2.41,0.0,4.0,1,1,2026-04-26T13:51:29+00:00,NLMS,noisy_double_talk__c109889ca5a76e63,fileid_110,noisy_double_talk,rating
hr_c8a1128e53f3a9,returned_human_item_summary_v1,3.0,3.98,2.35,0.0,4.0,1,1,2026-04-26T13:51:29+00:00,SC-AEC-Preserve,noisy_double_talk__0b324e7d44377dd6,fileid_97,noisy_double_talk,rating
hr_cb00bdee8901f3,returned_human_item_summary_v1,2.4,3.67,1.95,0.0,4.0,1,1,2026-04-26T13:51:29+00:00,NLMS,low_ser_overlap__48dd58d6d20466b4,fileid_234,low_ser_overlap,rating
hr_7493927a081ab8,returned_human_item_summary_v1,4.3,3.34,5.0,1.0,4.0,1,1,2026-04-26T13:51:29+00:00,ASTWS-H16k,echo_path_motion__dc27422d8707604b,farend-singletalk__eb6d9058__root__J38L7HovCECPO1oce0Ua2g_farend-singletalk-with-movement,echo_path_motion,rating
hr_4439f4be4208ab,returned_human_item_summary_v1,2.4,3.3,1.99,0.0,4.0,1,1,2026-04-26T13:51:29+00:00,Deep Echo public checkpoint transfer,double_talk__fbf9c05a57bc9d86,doubletalk__f03ba73a__root__e5af1974-e440-4d99-87ed-a75ee6a05ca1_doubletalk,double_talk,rating
hr_5c638de8a95781,returned_human_item_summary_v1,4.02,4.49,3.29,1.0,4.0,1,1,2026-04-26T13:51:29+00:00,SC-AEC-Preserve,echo_path_motion__811cb271f26d428a,doubletalk__f03ba73a__root__Km8brWUHUUmGVbTjlvSt9g_doubletalk-with-movement,echo_path_motion,rating
hr_79a96b658ead16,returned_human_item_summary_v1,4.43,5.0,3.75,1.0,4.0,1,1,2026-04-26T13:51:29+00:00,ASTWS-H16k,near_end_single_talk__e261cdf4019f72ed,fileid_197,near_end_single_talk,rating
hr_4daa2da870c289,returned_human_item_summary_v1,2.4,1.63,4.85,0.0,4.0,1,1,2026-04-26T13:51:29+00:00,SC-AEC-Echo,echo_path_motion__89501dc66c696f74,farend-singletalk__eb6d9058__root__903d630d-0994-4044-ad7b-a6ce3fb91395_farend-singletalk-with-movement,echo_path_motion,rating
hr_9ac2030ead3eec,returned_human_item_summary_v1,2.4,3.95,1.74,0.0,4.0,1,1,2026-04-26T13:51:29+00:00,SC-AEC-Echo,low_ser_overlap__e7e2eb825aced58d,fileid_159,low_ser_overlap,rating
hr_55661eac6a1ccd,returned_human_item_summary_v1,3.6,3.14,3.59,1.0,4.0,1,1,2026-04-26T13:51:29+00:00,NLMS,echo_path_motion__604f54c33e98bfeb,doubletalk__f03ba73a__root__08ec6dc2-c8a8-423f-a5b1-73affaef4cfa_doubletalk-with-movement,echo_path_motion,rating
hr_25cfb9b0088827,returned_human_item_summary_v1,4.37,4.48,4.07,1.0,4.0,1,1,2026-04-26T13:51:29+00:00,Deep Echo public checkpoint transfer,double_talk__dc393d5053797dce,doubletalk__f03ba73a__root__KVbGTrqdIU0FIbN1ZuX68g_doubletalk,double_talk,rating
hr_a210154871b219,returned_human_item_summary_v1,2.4,1.67,4.99,0.0,4.0,1,1,2026-04-26T13:51:29+00:00,SC-AEC-Preserve,echo_path_motion__89501dc66c696f74,farend-singletalk__eb6d9058__root__903d630d-0994-4044-ad7b-a6ce3fb91395_farend-singletalk-with-movement,echo_path_motion,rating
hr_6e43e83c600506,returned_human_item_summary_v1,3.0,3.77,2.08,0.0,4.0,1,1,2026-04-26T13:51:29+00:00,Deep Echo public checkpoint transfer,echo_path_motion__12025881922cf0b2,doubletalk__f03ba73a__root__7688e22a-bf62-4e86-9d74-882e52599b5b_doubletalk-with-movement,echo_path_motion,rating
hr_d2f26ef0ad9538,returned_human_item_summary_v1,4.29,5.0,3.55,1.0,4.0,1,1,2026-04-26T13:51:29+00:00,SC-AEC-Echo,near_end_single_talk__f8fe73bf0a20a721,fileid_220,near_end_single_talk,rating
hr_e18efed4798d6a,returned_human_item_summary_v1,2.4,4.14,1.93,0.0,4.0,1,1,2026-04-26T13:51:29+00:00,SC-AEC-Echo,echo_path_motion__17a98cacd7bbd12a,doubletalk__f03ba73a__root__b54e05b3-0807-45e7-8993-df7c7fe23969_doubletalk-with-movement,echo_path_motion,rating
hr_06df9e3ef11f7f,returned_human_item_summary_v1,4.29,4.99,3.54,1.0,4.0,1,1,2026-04-26T13:51:29+00:00,SC-AEC-Echo,near_end_single_talk__84539a5ed2e47997,fileid_333,near_end_single_talk,rating
hr_fdf58150f5552c,returned_human_item_summary_v1,2.4,1.95,3.28,0.0,4.0,1,1,2026-04-26T13:51:29+00:00,ASTWS public checkpoint transfer,noisy_double_talk__00258497bb458d81,fileid_71,noisy_double_talk,rating
hr_bacef3405cb888,returned_human_item_summary_v1,2.4,1.99,4.99,0.0,4.0,1,1,2026-04-26T13:51:29+00:00,ASTWS public checkpoint transfer,far_end_single_talk__a89650af17f760b6,farend-singletalk__eb6d9058__root__043c0213-3af9-4ccb-ad28-68df92069627_farend-singletalk,far_end_single_talk,rating
hr_59dcb8a1b02f13,returned_human_item_summary_v1,4.42,5.0,3.69,1.0,4.0,1,1,2026-04-26T13:51:29+00:00,Deep Echo public checkpoint transfer,near_end_single_talk__06c9cfa2d4807f54,fileid_137,near_end_single_talk,rating
hr_4f861f33e9636d,returned_human_item_summary_v1,2.4,4.49,1.62,0.0,4.0,1,1,2026-04-26T13:51:29+00:00,ASTWS-H16k,low_ser_overlap__1063fa3bc36cd136,fileid_327,low_ser_overlap,rating
hr_f5f84401399fcf,returned_human_item_summary_v1,4.32,5.0,3.54,1.0,4.0,1,1,2026-04-26T13:51:29+00:00,ASTWS-H16k,near_end_single_talk__06c9cfa2d4807f54,fileid_137,near_end_single_talk,rating
hr_55e4b23ac12ea6,returned_human_item_summary_v1,3.81,4.64,2.63,1.0,4.0,1,1,2026-04-26T13:51:29+00:00,ASTWS-H16k,noisy_double_talk__3f7e61365b9510ba,fileid_16,noisy_double_talk,rating
hr_a7fbdc255647d6,returned_human_item_summary_v1,4.43,4.56,4.12,1.0,4.0,1,1,2026-04-26T13:51:29+00:00,SC-AEC-Preserve,double_talk__7d3e5bc204150de8,doubletalk__f03ba73a__root__7f925492-c4a7-4ea6-9cb6-ae8aa666879e_doubletalk,double_talk,rating
rep_e10f6282d24425,returned_human_item_summary_v1,2.4,3.18,1.74,0.0,4.0,1,1,2026-04-26T13:51:29+00:00,SC-AEC-Echo,echo_path_motion__102b09a8f53351ea,doubletalk__f03ba73a__root__hdNQZhLx0Ui03H20NSBv1g_doubletalk-with-movement,echo_path_motion,hidden_repeat
hr_4761afe9d1fca8,returned_human_item_summary_v1,2.4,4.24,1.9,0.0,4.0,1,1,2026-04-26T13:51:29+00:00,SC-AEC-Echo,low_ser_overlap__4463078ac2b3d54f,fileid_205,low_ser_overlap,rating
hr_a00b9038f4e485,returned_human_item_summary_v1,3.0,2.1,5.0,0.0,4.0,1,1,2026-04-26T13:51:29+00:00,ASTWS public checkpoint transfer,far_end_single_talk__10097318ccca3ed0,farend-singletalk__eb6d9058__root__0WY0NIP5CUq6GqB5G3ZK0w_farend-singletalk,far_end_single_talk,rating
hr_6a1418d4e81d4d,returned_human_item_summary_v1,3.91,4.01,3.55,1.0,4.0,1,1,2026-04-26T13:51:29+00:00,ASTWS-H16k,double_talk__ca88d7d0c20a699a,doubletalk__f03ba73a__root__b598b326-384b-42ce-99ca-6d3fe128c111_doubletalk,double_talk,rating
hr_ee14a98c943ecc,returned_human_item_summary_v1,4.66,4.18,5.0,1.0,4.0,1,1,2026-04-26T13:51:29+00:00,NLMS,far_end_single_talk__18a96c1f9b69341a,farend-singletalk__eb6d9058__root__unpL5MBUpkGSx4Utmp6NPg_farend-singletalk,far_end_single_talk,rating
hr_2caa00647e3737,returned_human_item_summary_v1,4.13,5.0,3.27,1.0,4.0,1,1,2026-04-26T13:51:29+00:00,ASTWS-H16k,near_end_single_talk__5790a68607db09b9,fileid_343,near_end_single_talk,rating
hr_e33b8d9728308f,returned_human_item_summary_v1,3.0,3.4,2.16,0.0,4.0,1,1,2026-04-26T13:51:29+00:00,SC-AEC-Preserve,double_talk__e024e914b6b90bc5,doubletalk__f03ba73a__root__cdb9787d-c046-4ca1-9994-4161c27b0291_doubletalk,double_talk,rating
hr_4f8d1f383cee41,returned_human_item_summary_v1,4.74,4.38,5.0,1.0,4.0,1,1,2026-04-26T13:51:29+00:00,Deep Echo public checkpoint transfer,far_end_single_talk__fbb91f946fc5322f,farend-singletalk__eb6d9058__root__0kvK91dwhkWeBObblh0nLw_farend-singletalk,far_end_single_talk,rating
hr_9103ef92215f98,returned_human_item_summary_v1,4.02,4.17,3.57,1.0,4.0,1,1,2026-04-26T13:51:29+00:00,ASTWS-H16k,low_ser_overlap__ee1c5fdc8eed5e1d,fileid_423,low_ser_overlap,rating
hr_53fbcec436f3ee,returned_human_item_summary_v1,4.39,5.0,3.7,1.0,4.0,1,1,2026-04-26T13:51:29+00:00,ASTWS public checkpoint transfer,near_end_single_talk__9218f1e1fe829489,fileid_499,near_end_single_talk,rating
hr_82df150736227c,returned_human_item_summary_v1,2.4,4.06,1.67,0.0,4.0,1,1,2026-04-26T13:51:29+00:00,Deep Echo public checkpoint transfer,low_ser_overlap__e0d46cbd150da7bf,fileid_445,low_ser_overlap,rating
hr_9fd867d6ed2c10,returned_human_item_summary_v1,4.49,5.0,3.92,1.0,4.0,1,1,2026-04-26T13:51:29+00:00,SC-AEC-Echo,near_end_single_talk__62f5730dedbeddfb,fileid_461,near_end_single_talk,rating
hr_b6f5fae695dcc0,returned_human_item_summary_v1,4.46,4.69,4.16,1.0,4.0,1,1,2026-04-26T13:51:29+00:00,ASTWS-H16k,double_talk__7d3e5bc204150de8,doubletalk__f03ba73a__root__7f925492-c4a7-4ea6-9cb6-ae8aa666879e_doubletalk,double_talk,rating
hr_3fdf32faa25081,returned_human_item_summary_v1,3.88,4.44,3.45,1.0,3.0,1,1,2026-04-26T13:51:29+00:00,SC-AEC-Preserve,far_end_single_talk__18a96c1f9b69341a,farend-singletalk__eb6d9058__root__unpL5MBUpkGSx4Utmp6NPg_farend-singletalk,far_end_single_talk,rating
hr_2a2ce60e42c4e5,returned_human_item_summary_v1,3.56,4.19,2.5,1.0,4.0,1,1,2026-04-26T13:51:29+00:00,ASTWS-H16k,low_ser_overlap__4463078ac2b3d54f,fileid_205,low_ser_overlap,rating
hr_850307e10e3f29,returned_human_item_summary_v1,2.4,4.43,1.27,0.0,4.0,1,1,2026-04-26T13:51:29+00:00,SC-AEC-Echo,low_ser_overlap__3a8cd8291a2f1a57,fileid_432,low_ser_overlap,rating
hr_6e6cd61f48cd83,returned_human_item_summary_v1,3.09,2.87,2.68,1.0,4.0,1,1,2026-04-26T13:51:29+00:00,ASTWS public checkpoint transfer,noisy_double_talk__9afd20082238343b,fileid_126,noisy_double_talk,rating
hr_76d5d9ab3e1558,returned_human_item_summary_v1,4.3,3.33,5.0,1.0,4.0,1,1,2026-04-26T13:51:29+00:00,NLMS,far_end_single_talk__351ae176aef5a986,farend-singletalk__eb6d9058__root__UAHwsB4iRUmm990YSJJOtg_farend-singletalk,far_end_single_talk,rating
hr_9d1b0216c175b4,returned_human_item_summary_v1,3.97,4.6,3.52,1.0,3.0,1,1,2026-04-26T13:51:29+00:00,SC-AEC-Echo,echo_path_motion__daba602bdbd4d165,farend-singletalk__eb6d9058__root__o1JZM00BDUqQGvIv01yOrA_farend-singletalk-with-movement,echo_path_motion,rating
hr_f579676e875f1e,returned_human_item_summary_v1,2.4,4.12,1.83,0.0,4.0,1,1,2026-04-26T13:51:29+00:00,NLMS,noisy_double_talk__3f7e61365b9510ba,fileid_16,noisy_double_talk,rating
hr_6db4460d7f6c0b,returned_human_item_summary_v1,4.64,4.15,5.0,1.0,4.0,1,1,2026-04-26T13:51:29+00:00,ASTWS-H16k,far_end_single_talk__5578c650afd460ea,farend-singletalk__eb6d9058__root__3e6lVI5h9UeSlRekiZb9gw_farend-singletalk,far_end_single_talk,rating
hr_b05df5f3933cb4,returned_human_item_summary_v1,3.0,2.2,3.93,0.0,4.0,1,1,2026-04-26T13:51:29+00:00,ASTWS public checkpoint transfer,low_ser_overlap__21fc4cc8b85fd220,fileid_462,low_ser_overlap,rating
hr_aa7b99732d82a9,returned_human_item_summary_v1,2.4,1.98,5.0,0.0,4.0,1,1,2026-04-26T13:51:29+00:00,ASTWS public checkpoint transfer,far_end_single_talk__18dcb7b7eb81dd55,farend-singletalk__eb6d9058__root__au0OFsctrku59giLt4VQTQ_farend-singletalk,far_end_single_talk,rating
hr_eba853b72b7d82,returned_human_item_summary_v1,2.4,1.35,4.99,0.0,4.0,1,1,2026-04-26T13:51:29+00:00,ASTWS public checkpoint transfer,far_end_single_talk__2c2343b31ea5a261,farend-singletalk__eb6d9058__root__bd8328b8-ed2d-4aed-9daa-eeda6ed8309a_farend-singletalk,far_end_single_talk,rating
hr_5c605bb1ed75be,returned_human_item_summary_v1,3.5,3.22,3.31,1.0,4.0,1,1,2026-04-26T13:51:29+00:00,Deep Echo public checkpoint transfer,echo_path_motion__d13d5d45141a872f,doubletalk__f03ba73a__root__11831959-16d3-4240-b4d7-6c3f19936718_doubletalk-with-movement,echo_path_motion,rating
hr_0c84795a867fbe,returned_human_item_summary_v1,4.47,5.0,3.9,1.0,4.0,1,1,2026-04-26T13:51:29+00:00,SC-AEC-Echo,near_end_single_talk__d54e883161fb8921,fileid_490,near_end_single_talk,rating
hr_c23f7e1ac05805,returned_human_item_summary_v1,4.25,5.0,3.37,1.0,4.0,1,1,2026-04-26T13:51:29+00:00,NLMS,near_end_single_talk__52ebf4e1da0c13dd,fileid_57,near_end_single_talk,rating
hr_f61851973eb662,returned_human_item_summary_v1,4.61,4.08,5.0,1.0,4.0,1,1,2026-04-26T13:51:29+00:00,ASTWS-H16k,far_end_single_talk__10097318ccca3ed0,farend-singletalk__eb6d9058__root__0WY0NIP5CUq6GqB5G3ZK0w_farend-singletalk,far_end_single_talk,rating
hr_653a942fb7fd95,returned_human_item_summary_v1,4.02,4.34,3.39,1.0,4.0,1,1,2026-04-26T13:51:29+00:00,Deep Echo public checkpoint transfer,noisy_double_talk__dc66caeb10f55dd9,fileid_70,noisy_double_talk,rating
hr_54c0d4948b2d66,returned_human_item_summary_v1,4.15,4.12,3.91,1.0,4.0,1,1,2026-04-26T13:51:29+00:00,ASTWS-H16k,echo_path_motion__604f54c33e98bfeb,doubletalk__f03ba73a__root__08ec6dc2-c8a8-423f-a5b1-73affaef4cfa_doubletalk-with-movement,echo_path_motion,rating
hr_e9a3fc60b7ed07,returned_human_item_summary_v1,2.89,3.0,2.19,0.0,4.0,1,1,2026-04-26T13:51:29+00:00,NLMS,low_ser_overlap__25819470d2776d11,fileid_252,low_ser_overlap,rating
rep_d4dc3c4af96914,returned_human_item_summary_v1,2.4,4.35,1.7,0.0,4.0,1,1,2026-04-26T13:51:29+00:00,Deep Echo public checkpoint transfer,low_ser_overlap__3a8cd8291a2f1a57,fileid_432,low_ser_overlap,hidden_repeat
hr_e5467e9957d749,returned_human_item_summary_v1,4.04,2.96,4.82,1.0,4.0,1,1,2026-04-26T13:51:29+00:00,SC-AEC-Echo,far_end_single_talk__18dcb7b7eb81dd55,farend-singletalk__eb6d9058__root__au0OFsctrku59giLt4VQTQ_farend-singletalk,far_end_single_talk,rating
hr_3c502663513843,returned_human_item_summary_v1,3.0,3.93,2.26,0.0,4.0,1,1,2026-04-26T13:51:29+00:00,SC-AEC-Preserve,double_talk__ca88d7d0c20a699a,doubletalk__f03ba73a__root__b598b326-384b-42ce-99ca-6d3fe128c111_doubletalk,double_talk,rating
hr_1183fd7ea88d9f,returned_human_item_summary_v1,2.4,1.99,4.55,0.0,4.0,1,1,2026-04-26T13:51:29+00:00,SC-AEC-Preserve,far_end_single_talk__013d26421eefe63c,farend-singletalk__eb6d9058__root__f16e9c6e-e821-464d-b006-406d45bb9ada_farend-singletalk,far_end_single_talk,rating
hr_03f9bb70cfbae2,returned_human_item_summary_v1,2.4,3.18,1.74,0.0,4.0,1,1,2026-04-26T13:51:29+00:00,SC-AEC-Echo,echo_path_motion__102b09a8f53351ea,doubletalk__f03ba73a__root__hdNQZhLx0Ui03H20NSBv1g_doubletalk-with-movement,echo_path_motion,rating
hr_a5095635286d86,returned_human_item_summary_v1,4.44,5.0,3.82,1.0,4.0,1,1,2026-04-26T13:51:29+00:00,NLMS,near_end_single_talk__4389c5db03aa9991,fileid_32,near_end_single_talk,rating
hr_8ffa16c6ac8036,returned_human_item_summary_v1,2.4,1.87,5.0,0.0,4.0,1,1,2026-04-26T13:51:29+00:00,ASTWS public checkpoint transfer,echo_path_motion__c8694656c51152a3,farend-singletalk__eb6d9058__root__GMR5LLJMJkWZGQ08TRPdnw_farend-singletalk-with-movement,echo_path_motion,rating
hr_172dd4b01d9213,returned_human_item_summary_v1,4.61,5.0,4.11,1.0,4.0,1,1,2026-04-26T13:51:29+00:00,ASTWS public checkpoint transfer,near_end_single_talk__d54e883161fb8921,fileid_490,near_end_single_talk,rating
hr_5f3b0746d1ecdf,returned_human_item_summary_v1,4.69,4.26,5.0,1.0,4.0,1,1,2026-04-26T13:51:29+00:00,NLMS,far_end_single_talk__18dcb7b7eb81dd55,farend-singletalk__eb6d9058__root__au0OFsctrku59giLt4VQTQ_farend-singletalk,far_end_single_talk,rating
hr_959c8480cd35ce,returned_human_item_summary_v1,4.69,4.27,5.0,1.0,4.0,1,1,2026-04-26T13:51:29+00:00,ASTWS-H16k,echo_path_motion__daba602bdbd4d165,farend-singletalk__eb6d9058__root__o1JZM00BDUqQGvIv01yOrA_farend-singletalk-with-movement,echo_path_motion,rating
hr_ca9d385cd49eca,returned_human_item_summary_v1,4.25,5.0,3.42,1.0,4.0,1,1,2026-04-26T13:51:29+00:00,SC-AEC-Preserve,near_end_single_talk__84539a5ed2e47997,fileid_333,near_end_single_talk,rating
rep_5a3ca46b891a36,returned_human_item_summary_v1,2.4,4.33,1.44,0.0,4.0,1,1,2026-04-26T13:51:29+00:00,NLMS,low_ser_overlap__3a8cd8291a2f1a57,fileid_432,low_ser_overlap,hidden_repeat
hr_40e7dcdba21e3d,returned_human_item_summary_v1,2.4,4.61,1.0,0.0,4.0,1,1,2026-04-26T13:51:29+00:00,SC-AEC-Preserve,double_talk__ee2f1c34a5affb7a,doubletalk__f03ba73a__root__0CI8zRqd2U609L9H09qWrA_doubletalk,double_talk,rating
hr_a05f808b8983ad,returned_human_item_summary_v1,4.39,5.0,3.69,1.0,4.0,1,1,2026-04-26T13:51:29+00:00,NLMS,near_end_single_talk__5790a68607db09b9,fileid_343,near_end_single_talk,rating
hr_76c85c1c12028c,returned_human_item_summary_v1,3.71,4.11,2.91,1.0,4.0,1,1,2026-04-26T13:51:29+00:00,Deep Echo public checkpoint transfer,echo_path_motion__48865029d1b44cb6,doubletalk__f03ba73a__root__hC1ZhhrB20i7sGG0GbvFWg_doubletalk-with-movement,echo_path_motion,rating
hr_d66866dd650f8e,returned_human_item_summary_v1,4.04,5.0,3.08,1.0,4.0,1,1,2026-04-26T13:51:29+00:00,ASTWS-H16k,near_end_single_talk__84539a5ed2e47997,fileid_333,near_end_single_talk,rating
hr_3ef90ae0a72f27,returned_human_item_summary_v1,4.4,5.0,3.64,1.0,4.0,1,1,2026-04-26T13:51:29+00:00,Deep Echo public checkpoint transfer,near_end_single_talk__e261cdf4019f72ed,fileid_197,near_end_single_talk,rating
hr_31f8c70bd9f661,returned_human_item_summary_v1,4.25,5.0,3.42,1.0,4.0,1,1,2026-04-26T13:51:29+00:00,Deep Echo public checkpoint transfer,near_end_single_talk__84539a5ed2e47997,fileid_333,near_end_single_talk,rating
hr_5d06224ddc069c,returned_human_item_summary_v1,3.98,4.06,3.58,1.0,4.0,1,1,2026-04-26T13:51:29+00:00,ASTWS public checkpoint transfer,low_ser_overlap__3a8cd8291a2f1a57,fileid_432,low_ser_overlap,rating
hr_46f6179d411565,returned_human_item_summary_v1,3.0,3.78,2.15,0.0,4.0,1,1,2026-04-26T13:51:29+00:00,Deep Echo public checkpoint transfer,low_ser_overlap__4463078ac2b3d54f,fileid_205,low_ser_overlap,rating
hr_0790649561f654,returned_human_item_summary_v1,2.4,4.05,1.45,0.0,4.0,1,1,2026-04-26T13:51:29+00:00,Deep Echo public checkpoint transfer,double_talk__ee2f1c34a5affb7a,doubletalk__f03ba73a__root__0CI8zRqd2U609L9H09qWrA_doubletalk,double_talk,rating
hr_efa6f320154bae,returned_human_item_summary_v1,3.77,4.39,2.79,1.0,4.0,1,1,2026-04-26T13:51:29+00:00,Deep Echo public checkpoint transfer,noisy_double_talk__78f2641ec051e5f2,fileid_93,noisy_double_talk,rating
hr_9873b78e438d1b,returned_human_item_summary_v1,4.12,5.0,3.06,1.0,4.0,1,1,2026-04-26T13:51:29+00:00,NLMS,near_end_single_talk__fb7cf57c7c22c517,fileid_408,near_end_single_talk,rating
hr_2cf9ab95abea18,returned_human_item_summary_v1,4.19,5.0,3.21,1.0,4.0,1,1,2026-04-26T13:51:29+00:00,SC-AEC-Preserve,near_end_single_talk__fb7cf57c7c22c517,fileid_408,near_end_single_talk,rating
trap_52780b7a1639ea,returned_human_item_summary_v1,1.0,1.0,1.0,0.0,2.0,1,1,2026-04-26T13:51:29+00:00,All-Zero-Control,double_talk__b3846f1d2835c8c0,doubletalk__f03ba73a__root__hUcOKoqv0Uavp33Xrf2uWQ_doubletalk,double_talk,degenerate_trap
hr_1263431f42ac76,returned_human_item_summary_v1,4.68,4.59,4.75,1.0,4.0,1,1,2026-04-26T13:51:29+00:00,Deep Echo public checkpoint transfer,echo_path_motion__c8694656c51152a3,farend-singletalk__eb6d9058__root__GMR5LLJMJkWZGQ08TRPdnw_farend-singletalk-with-movement,echo_path_motion,rating
hr_7ce62537c47439,returned_human_item_summary_v1,4.77,4.44,5.0,1.0,4.0,1,1,2026-04-26T13:51:29+00:00,ASTWS-H16k,echo_path_motion__c8694656c51152a3,farend-singletalk__eb6d9058__root__GMR5LLJMJkWZGQ08TRPdnw_farend-singletalk-with-movement,echo_path_motion,rating
hr_b4e8b347ea0848,returned_human_item_summary_v1,4.52,5.0,3.91,1.0,4.0,1,1,2026-04-26T13:51:29+00:00,SC-AEC-Preserve,near_end_single_talk__ff3be81b2951c71a,fileid_129,near_end_single_talk,rating
hr_bbb2d493b534a3,returned_human_item_summary_v1,4.73,4.36,5.0,1.0,4.0,1,1,2026-04-26T13:51:29+00:00,ASTWS-H16k,far_end_single_talk__18dcb7b7eb81dd55,farend-singletalk__eb6d9058__root__au0OFsctrku59giLt4VQTQ_farend-singletalk,far_end_single_talk,rating
hr_a0d78b4b68af10,returned_human_item_summary_v1,3.0,2.21,4.28,0.0,4.0,1,1,2026-04-26T13:51:29+00:00,ASTWS public checkpoint transfer,noisy_double_talk__4ce4f233a03871a4,fileid_128,noisy_double_talk,rating
trap_58b4ccf08feefa,returned_human_item_summary_v1,1.0,1.0,1.0,0.0,2.0,1,1,2026-04-26T13:51:29+00:00,All-Zero-Control,low_ser_overlap__3a8cd8291a2f1a57,fileid_432,low_ser_overlap,degenerate_trap
hr_7f82f8b08af747,returned_human_item_summary_v1,4.81,4.55,5.0,1.0,4.0,1,1,2026-04-26T13:51:29+00:00,Deep Echo public checkpoint transfer,far_end_single_talk__10097318ccca3ed0,farend-singletalk__eb6d9058__root__0WY0NIP5CUq6GqB5G3ZK0w_farend-singletalk,far_end_single_talk,rating
hr_2fd2a4ebc50f04,returned_human_item_summary_v1,4.34,4.46,4.22,1.0,4.0,1,1,2026-04-26T13:51:29+00:00,SC-AEC-Preserve,echo_path_motion__daba602bdbd4d165,farend-singletalk__eb6d9058__root__o1JZM00BDUqQGvIv01yOrA_farend-singletalk-with-movement,echo_path_motion,rating
hr_8ca57ffdbfeb01,returned_human_item_summary_v1,2.4,4.28,1.0,0.0,4.0,1,1,2026-04-26T13:51:29+00:00,SC-AEC-Echo,low_ser_overlap__48dd58d6d20466b4,fileid_234,low_ser_overlap,rating
hr_12b6810b1067f5,returned_human_item_summary_v1,4.45,5.0,3.83,1.0,4.0,1,1,2026-04-26T13:51:29+00:00,SC-AEC-Preserve,near_end_single_talk__4389c5db03aa9991,fileid_32,near_end_single_talk,rating
hr_891f8f2dbba13f,returned_human_item_summary_v1,3.8,3.02,4.17,1.0,4.0,1,1,2026-04-26T13:51:29+00:00,ASTWS public checkpoint transfer,echo_path_motion__17a98cacd7bbd12a,doubletalk__f03ba73a__root__b54e05b3-0807-45e7-8993-df7c7fe23969_doubletalk-with-movement,echo_path_motion,rating
hr_2a95166a7903cf,returned_human_item_summary_v1,3.39,3.66,2.63,1.0,4.0,1,1,2026-04-26T13:51:29+00:00,ASTWS public checkpoint transfer,low_ser_overlap__1063fa3bc36cd136,fileid_327,low_ser_overlap,rating
hr_8e2f33aacd322e,returned_human_item_summary_v1,2.97,2.56,2.8,0.0,4.0,1,1,2026-04-26T13:51:29+00:00,NLMS,echo_path_motion__48865029d1b44cb6,doubletalk__f03ba73a__root__hC1ZhhrB20i7sGG0GbvFWg_doubletalk-with-movement,echo_path_motion,rating
hr_886c92b174197f,returned_human_item_summary_v1,2.4,4.65,1.0,0.0,4.0,1,1,2026-04-26T13:51:29+00:00,SC-AEC-Preserve,double_talk__12b7b6c3f2118e02,doubletalk__f03ba73a__root__v000iTBmeEWxqSnlgG0dYg_doubletalk,double_talk,rating
hr_ed733f01070a92,returned_human_item_summary_v1,2.4,4.01,1.46,0.0,4.0,1,1,2026-04-26T13:51:29+00:00,SC-AEC-Echo,noisy_double_talk__284efc673d120b17,fileid_137,noisy_double_talk,rating
hr_373098b79aa54c,returned_human_item_summary_v1,2.4,4.3,1.87,0.0,4.0,1,1,2026-04-26T13:51:29+00:00,NLMS,noisy_double_talk__9afd20082238343b,fileid_126,noisy_double_talk,rating
hr_caeb00e2b0ecf3,returned_human_item_summary_v1,4.04,4.29,3.51,1.0,4.0,1,1,2026-04-26T13:51:29+00:00,SC-AEC-Preserve,low_ser_overlap__ee1c5fdc8eed5e1d,fileid_423,low_ser_overlap,rating
hr_958f883d0f66b8,returned_human_item_summary_v1,2.4,3.75,1.92,0.0,4.0,1,1,2026-04-26T13:51:29+00:00,NLMS,noisy_double_talk__dc66caeb10f55dd9,fileid_70,noisy_double_talk,rating
hr_e4710e23d17f45,returned_human_item_summary_v1,3.0,3.91,2.39,0.0,4.0,1,1,2026-04-26T13:51:29+00:00,SC-AEC-Preserve,low_ser_overlap__4463078ac2b3d54f,fileid_205,low_ser_overlap,rating
hr_522725a62f7b8b,returned_human_item_summary_v1,3.65,4.23,3.22,1.0,3.0,1,1,2026-04-26T13:51:29+00:00,SC-AEC-Echo,far_end_single_talk__a89650af17f760b6,farend-singletalk__eb6d9058__root__043c0213-3af9-4ccb-ad28-68df92069627_farend-singletalk,far_end_single_talk,rating
hr_c8696f41489ab4,returned_human_item_summary_v1,4.29,4.28,4.07,1.0,4.0,1,1,2026-04-26T13:51:29+00:00,NLMS,double_talk__54b8ea2e02770f5e,doubletalk__f03ba73a__root__g6A4GlGjWU6B0ejlO4tSbQ_doubletalk,double_talk,rating
hr_bda68f11c49f87,returned_human_item_summary_v1,4.53,4.99,4.02,1.0,4.0,1,1,2026-04-26T13:51:29+00:00,SC-AEC-Echo,near_end_single_talk__4389c5db03aa9991,fileid_32,near_end_single_talk,rating
hr_fee2297f5db313,returned_human_item_summary_v1,3.96,5.0,2.98,1.0,4.0,1,1,2026-04-26T13:51:29+00:00,ASTWS-H16k,near_end_single_talk__f8fe73bf0a20a721,fileid_220,near_end_single_talk,rating
hr_807ace6d09c951,returned_human_item_summary_v1,4.36,4.89,3.66,1.0,4.0,1,1,2026-04-26T13:51:29+00:00,NLMS,double_talk__6624c4ebc90ade47,doubletalk__f03ba73a__root__iQLkmqqiZkijw0RrsbLYlQ_doubletalk,double_talk,rating
hr_d5d32faf38fd84,returned_human_item_summary_v1,3.96,4.42,3.28,1.0,4.0,1,1,2026-04-26T13:51:29+00:00,SC-AEC-Echo,low_ser_overlap__ee1c5fdc8eed5e1d,fileid_423,low_ser_overlap,rating
hr_0636457baf167d,returned_human_item_summary_v1,4.5,5.0,3.88,1.0,4.0,1,1,2026-04-26T13:51:29+00:00,ASTWS public checkpoint transfer,near_end_single_talk__ff3be81b2951c71a,fileid_129,near_end_single_talk,rating
hr_43fc4ef335f292,returned_human_item_summary_v1,4.31,5.0,3.58,1.0,4.0,1,1,2026-04-26T13:51:29+00:00,Deep Echo public checkpoint transfer,near_end_single_talk__f8fe73bf0a20a721,fileid_220,near_end_single_talk,rating
hr_dd81011a34e679,returned_human_item_summary_v1,3.0,3.39,2.05,0.0,4.0,1,1,2026-04-26T13:51:29+00:00,Deep Echo public checkpoint transfer,double_talk__694c3420a10a8f3e,doubletalk__f03ba73a__root__4f4608a6-6904-421b-8d47-b1b177bec389_doubletalk,double_talk,rating
hr_f422e711276030,returned_human_item_summary_v1,2.4,4.45,1.17,0.0,4.0,1,1,2026-04-26T13:51:29+00:00,SC-AEC-Echo,low_ser_overlap__25819470d2776d11,fileid_252,low_ser_overlap,rating
hr_5b1a58dc93e1cd,returned_human_item_summary_v1,4.53,4.7,4.23,1.0,4.0,1,1,2026-04-26T13:51:29+00:00,ASTWS-H16k,echo_path_motion__48865029d1b44cb6,doubletalk__f03ba73a__root__hC1ZhhrB20i7sGG0GbvFWg_doubletalk-with-movement,echo_path_motion,rating
hr_5fad9be50a572c,returned_human_item_summary_v1,4.25,5.0,3.37,1.0,4.0,1,1,2026-04-26T13:51:29+00:00,Deep Echo public checkpoint transfer,near_end_single_talk__52ebf4e1da0c13dd,fileid_57,near_end_single_talk,rating
hr_11d805b9b8c7f8,returned_human_item_summary_v1,4.5,5.0,3.88,1.0,4.0,1,1,2026-04-26T13:51:29+00:00,Deep Echo public checkpoint transfer,near_end_single_talk__ff3be81b2951c71a,fileid_129,near_end_single_talk,rating
hr_e18678391002d9,returned_human_item_summary_v1,3.0,2.42,5.0,0.0,4.0,1,1,2026-04-26T13:51:29+00:00,ASTWS public checkpoint transfer,echo_path_motion__dc27422d8707604b,farend-singletalk__eb6d9058__root__J38L7HovCECPO1oce0Ua2g_farend-singletalk-with-movement,echo_path_motion,rating
hr_d30c30fb850a70,returned_human_item_summary_v1,2.4,4.5,1.22,0.0,4.0,1,1,2026-04-26T13:51:29+00:00,SC-AEC-Preserve,noisy_double_talk__3e7195c251ca3bcf,fileid_365,noisy_double_talk,rating
hr_167964c0a2891b,returned_human_item_summary_v1,4.39,4.37,4.22,1.0,4.0,1,1,2026-04-26T13:51:29+00:00,SC-AEC-Preserve,noisy_double_talk__4ce4f233a03871a4,fileid_128,noisy_double_talk,rating
hr_978d3d9d88cde6,returned_human_item_summary_v1,3.0,2.12,4.06,0.0,4.0,1,1,2026-04-26T13:51:29+00:00,ASTWS public checkpoint transfer,low_ser_overlap__cc2efdd13de97d42,fileid_472,low_ser_overlap,rating
hr_61db9121c2657d,returned_human_item_summary_v1,3.0,3.91,2.2,0.0,4.0,1,1,2026-04-26T13:51:29+00:00,Deep Echo public checkpoint transfer,low_ser_overlap__cc2efdd13de97d42,fileid_472,low_ser_overlap,rating
hr_4e2a005c08dec5,returned_human_item_summary_v1,2.4,1.4,4.75,0.0,4.0,1,1,2026-04-26T13:51:29+00:00,ASTWS-H16k,echo_path_motion__89501dc66c696f74,farend-singletalk__eb6d9058__root__903d630d-0994-4044-ad7b-a6ce3fb91395_farend-singletalk-with-movement,echo_path_motion,rating
hr_defd43ea8ae99e,returned_human_item_summary_v1,2.4,1.99,5.0,0.0,4.0,1,1,2026-04-26T13:51:29+00:00,ASTWS public checkpoint transfer,far_end_single_talk__5578c650afd460ea,farend-singletalk__eb6d9058__root__3e6lVI5h9UeSlRekiZb9gw_farend-singletalk,far_end_single_talk,rating
hr_3790f796113332,returned_human_item_summary_v1,4.49,5.0,3.84,1.0,4.0,1,1,2026-04-26T13:51:29+00:00,SC-AEC-Preserve,near_end_single_talk__06c9cfa2d4807f54,fileid_137,near_end_single_talk,rating
hr_d02eccb3853231,returned_human_item_summary_v1,3.74,3.86,3.23,1.0,4.0,1,1,2026-04-26T13:51:29+00:00,NLMS,noisy_double_talk__00258497bb458d81,fileid_71,noisy_double_talk,rating
hr_d650c0f0712b3c,returned_human_item_summary_v1,4.36,4.9,3.65,1.0,4.0,1,1,2026-04-26T13:51:29+00:00,ASTWS public checkpoint transfer,double_talk__6624c4ebc90ade47,doubletalk__f03ba73a__root__iQLkmqqiZkijw0RrsbLYlQ_doubletalk,double_talk,rating
hr_37672291dbdb39,returned_human_item_summary_v1,2.4,1.73,4.71,0.0,4.0,1,1,2026-04-26T13:51:29+00:00,SC-AEC-Echo,far_end_single_talk__3eff4a07f182cd69,farend-singletalk__eb6d9058__root__gm1jGyCc00KI1b65ow1E6A_farend-singletalk,far_end_single_talk,rating
hr_c2f5d2c60f0491,returned_human_item_summary_v1,4.37,4.48,4.07,1.0,4.0,1,1,2026-04-26T13:51:29+00:00,ASTWS public checkpoint transfer,double_talk__dc393d5053797dce,doubletalk__f03ba73a__root__KVbGTrqdIU0FIbN1ZuX68g_doubletalk,double_talk,rating
hr_7021eeff4395f0,returned_human_item_summary_v1,4.34,4.51,3.97,1.0,4.0,1,1,2026-04-26T13:51:29+00:00,Deep Echo public checkpoint transfer,double_talk__7d3e5bc204150de8,doubletalk__f03ba73a__root__7f925492-c4a7-4ea6-9cb6-ae8aa666879e_doubletalk,double_talk,rating
hr_8978a8a6feb4ae,returned_human_item_summary_v1,3.0,2.1,4.2,0.0,4.0,1,1,2026-04-26T13:51:29+00:00,Deep Echo public checkpoint transfer,double_talk__e024e914b6b90bc5,doubletalk__f03ba73a__root__cdb9787d-c046-4ca1-9994-4161c27b0291_doubletalk,double_talk,rating
hr_ec04b4babe86d4,returned_human_item_summary_v1,4.49,3.79,5.0,1.0,4.0,1,1,2026-04-26T13:51:29+00:00,Deep Echo public checkpoint transfer,far_end_single_talk__351ae176aef5a986,farend-singletalk__eb6d9058__root__UAHwsB4iRUmm990YSJJOtg_farend-singletalk,far_end_single_talk,rating
hr_88461b28c652d5,returned_human_item_summary_v1,4.09,5.0,3.2,1.0,4.0,1,1,2026-04-26T13:51:29+00:00,ASTWS-H16k,near_end_single_talk__9218f1e1fe829489,fileid_499,near_end_single_talk,rating
hr_69d805c8167590,returned_human_item_summary_v1,4.39,5.0,3.7,1.0,4.0,1,1,2026-04-26T13:51:29+00:00,Deep Echo public checkpoint transfer,near_end_single_talk__9218f1e1fe829489,fileid_499,near_end_single_talk,rating
hr_3376ccba251ef4,returned_human_item_summary_v1,2.4,1.61,4.09,0.0,4.0,1,1,2026-04-26T13:51:29+00:00,ASTWS public checkpoint transfer,noisy_double_talk__3f7e61365b9510ba,fileid_16,noisy_double_talk,rating
hr_41e2f40364ef8d,returned_human_item_summary_v1,2.4,3.49,1.85,0.0,4.0,1,1,2026-04-26T13:51:29+00:00,SC-AEC-Preserve,echo_path_motion__102b09a8f53351ea,doubletalk__f03ba73a__root__hdNQZhLx0Ui03H20NSBv1g_doubletalk-with-movement,echo_path_motion,rating
hr_bfcf3bebd6e336,returned_human_item_summary_v1,4.42,4.61,4.06,1.0,4.0,1,1,2026-04-26T13:51:29+00:00,SC-AEC-Preserve,echo_path_motion__48865029d1b44cb6,doubletalk__f03ba73a__root__hC1ZhhrB20i7sGG0GbvFWg_doubletalk-with-movement,echo_path_motion,rating
hr_a7345fc4c2d39d,returned_human_item_summary_v1,2.4,4.11,1.2,0.0,4.0,1,1,2026-04-26T13:51:29+00:00,SC-AEC-Preserve,noisy_double_talk__284efc673d120b17,fileid_137,noisy_double_talk,rating
hr_f0c5ba567e98a4,returned_human_item_summary_v1,3.0,2.46,3.51,0.0,4.0,1,1,2026-04-26T13:51:29+00:00,ASTWS public checkpoint transfer,noisy_double_talk__3e7195c251ca3bcf,fileid_365,noisy_double_talk,rating
hr_b4cb3f85d9203c,returned_human_item_summary_v1,3.0,2.02,4.02,0.0,4.0,1,1,2026-04-26T13:51:29+00:00,ASTWS public checkpoint transfer,double_talk__ee2f1c34a5affb7a,doubletalk__f03ba73a__root__0CI8zRqd2U609L9H09qWrA_doubletalk,double_talk,rating
hr_dd14db90156ba2,returned_human_item_summary_v1,2.4,4.28,1.26,0.0,4.0,1,1,2026-04-26T13:51:29+00:00,SC-AEC-Preserve,low_ser_overlap__25819470d2776d11,fileid_252,low_ser_overlap,rating
hr_94458cdc291b7c,returned_human_item_summary_v1,4.75,4.4,5.0,1.0,4.0,1,1,2026-04-26T13:51:29+00:00,Deep Echo public checkpoint transfer,far_end_single_talk__18a96c1f9b69341a,farend-singletalk__eb6d9058__root__unpL5MBUpkGSx4Utmp6NPg_farend-singletalk,far_end_single_talk,rating
hr_6367095ffc9cab,returned_human_item_summary_v1,4.49,4.96,3.88,1.0,4.0,1,1,2026-04-26T13:51:29+00:00,ASTWS public checkpoint transfer,double_talk__63e2345becbf5a53,doubletalk__f03ba73a__root__31cfa60c-8aa2-441f-b7b6-e0db619ae909_doubletalk,double_talk,rating
hr_9c08e82e931ae9,returned_human_item_summary_v1,4.64,4.14,5.0,1.0,4.0,1,1,2026-04-26T13:51:29+00:00,Deep Echo public checkpoint transfer,far_end_single_talk__18dcb7b7eb81dd55,farend-singletalk__eb6d9058__root__au0OFsctrku59giLt4VQTQ_farend-singletalk,far_end_single_talk,rating
hr_5909870850f9ad,returned_human_item_summary_v1,4.26,4.99,3.53,1.0,4.0,1,1,2026-04-26T13:51:29+00:00,ASTWS-H16k,near_end_single_talk__d54e883161fb8921,fileid_490,near_end_single_talk,rating
hr_b2b97cc5518491,returned_human_item_summary_v1,2.4,4.65,1.41,0.0,4.0,1,1,2026-04-26T13:51:29+00:00,Deep Echo public checkpoint transfer,double_talk__12b7b6c3f2118e02,doubletalk__f03ba73a__root__v000iTBmeEWxqSnlgG0dYg_doubletalk,double_talk,rating
hr_45f4d4e72bd3b2,returned_human_item_summary_v1,3.73,2.96,4.07,1.0,4.0,1,1,2026-04-26T13:51:29+00:00,ASTWS public checkpoint transfer,echo_path_motion__604f54c33e98bfeb,doubletalk__f03ba73a__root__08ec6dc2-c8a8-423f-a5b1-73affaef4cfa_doubletalk-with-movement,echo_path_motion,rating
hr_ce53f1b4ece506,returned_human_item_summary_v1,4.4,5.0,3.64,1.0,4.0,1,1,2026-04-26T13:51:29+00:00,ASTWS public checkpoint transfer,near_end_single_talk__e261cdf4019f72ed,fileid_197,near_end_single_talk,rating
hr_873e8f8fe761f1,returned_human_item_summary_v1,3.0,4.14,2.15,0.0,4.0,1,1,2026-04-26T13:51:29+00:00,SC-AEC-Echo,noisy_double_talk__c109889ca5a76e63,fileid_110,noisy_double_talk,rating
hr_92f443f8d0ebba,returned_human_item_summary_v1,2.4,3.46,1.76,0.0,4.0,1,1,2026-04-26T13:51:29+00:00,Deep Echo public checkpoint transfer,noisy_double_talk__284efc673d120b17,fileid_137,noisy_double_talk,rating
hr_a3a14c1d28ac41,returned_human_item_summary_v1,3.39,3.2,3.13,1.0,4.0,1,1,2026-04-26T13:51:29+00:00,SC-AEC-Echo,double_talk__b3846f1d2835c8c0,doubletalk__f03ba73a__root__hUcOKoqv0Uavp33Xrf2uWQ_doubletalk,double_talk,rating
hr_4a019907df549c,returned_human_item_summary_v1,3.0,2.49,5.0,0.0,4.0,1,1,2026-04-26T13:51:29+00:00,ASTWS public checkpoint transfer,far_end_single_talk__351ae176aef5a986,farend-singletalk__eb6d9058__root__UAHwsB4iRUmm990YSJJOtg_farend-singletalk,far_end_single_talk,rating
hr_d6bd16b3f3668b,returned_human_item_summary_v1,3.77,4.51,3.21,1.0,3.0,1,1,2026-04-26T13:51:29+00:00,SC-AEC-Preserve,far_end_single_talk__5578c650afd460ea,farend-singletalk__eb6d9058__root__3e6lVI5h9UeSlRekiZb9gw_farend-singletalk,far_end_single_talk,rating
hr_cbd7641937c4c1,returned_human_item_summary_v1,2.4,4.35,1.7,0.0,4.0,1,1,2026-04-26T13:51:29+00:00,Deep Echo public checkpoint transfer,low_ser_overlap__3a8cd8291a2f1a57,fileid_432,low_ser_overlap,rating
hr_42e713d96f0564,returned_human_item_summary_v1,2.4,1.67,4.16,0.0,4.0,1,1,2026-04-26T13:51:29+00:00,NLMS,double_talk__e024e914b6b90bc5,doubletalk__f03ba73a__root__cdb9787d-c046-4ca1-9994-4161c27b0291_doubletalk,double_talk,rating
hr_2178085230c32d,returned_human_item_summary_v1,3.0,4.08,2.31,0.0,4.0,1,1,2026-04-26T13:51:29+00:00,SC-AEC-Preserve,low_ser_overlap__e0d46cbd150da7bf,fileid_445,low_ser_overlap,rating
hr_90e489d6bc05fd,returned_human_item_summary_v1,2.4,1.81,4.98,0.0,4.0,1,1,2026-04-26T13:51:29+00:00,Deep Echo public checkpoint transfer,far_end_single_talk__013d26421eefe63c,farend-singletalk__eb6d9058__root__f16e9c6e-e821-464d-b006-406d45bb9ada_farend-singletalk,far_end_single_talk,rating
hr_79b1d8a5e49b9a,returned_human_item_summary_v1,2.4,4.15,1.82,0.0,4.0,1,1,2026-04-26T13:51:29+00:00,SC-AEC-Preserve,low_ser_overlap__8968c00fe8d7229e,fileid_18,low_ser_overlap,rating
hr_c05b614b9ab888,returned_human_item_summary_v1,3.95,3.76,3.81,1.0,4.0,1,1,2026-04-26T13:51:29+00:00,Deep Echo public checkpoint transfer,echo_path_motion__604f54c33e98bfeb,doubletalk__f03ba73a__root__08ec6dc2-c8a8-423f-a5b1-73affaef4cfa_doubletalk-with-movement,echo_path_motion,rating
hr_c55bd906db9aee,returned_human_item_summary_v1,4.08,2.8,5.0,1.0,4.0,1,1,2026-04-26T13:51:29+00:00,NLMS,far_end_single_talk__5578c650afd460ea,farend-singletalk__eb6d9058__root__3e6lVI5h9UeSlRekiZb9gw_farend-singletalk,far_end_single_talk,rating
hr_5f0fa4d3a3784e,returned_human_item_summary_v1,3.54,3.9,2.74,1.0,4.0,1,1,2026-04-26T13:51:29+00:00,Deep Echo public checkpoint transfer,noisy_double_talk__9e64a17e918989f5,fileid_234,noisy_double_talk,rating
hr_90154b37b3babf,returned_human_item_summary_v1,4.13,4.38,3.93,1.0,4.0,1,1,2026-04-26T13:51:29+00:00,SC-AEC-Preserve,far_end_single_talk__c22008506fb03af3,farend-singletalk__eb6d9058__root__1uN6ZKjkE0ixLzBApJFouw_farend-singletalk,far_end_single_talk,rating
hr_48d128c2c5f872,returned_human_item_summary_v1,2.4,4.21,1.74,0.0,4.0,1,1,2026-04-26T13:51:29+00:00,SC-AEC-Preserve,noisy_double_talk__3f7e61365b9510ba,fileid_16,noisy_double_talk,rating
hr_74f979e65171aa,returned_human_item_summary_v1,4.09,4.4,3.52,1.0,4.0,1,1,2026-04-26T13:51:29+00:00,ASTWS-H16k,low_ser_overlap__2ee61d92cda3842d,fileid_226,low_ser_overlap,rating
hr_f9c7ceb39e4db2,returned_human_item_summary_v1,4.53,4.99,4.04,1.0,4.0,1,1,2026-04-26T13:51:29+00:00,SC-AEC-Echo,double_talk__63e2345becbf5a53,doubletalk__f03ba73a__root__31cfa60c-8aa2-441f-b7b6-e0db619ae909_doubletalk,double_talk,rating
hr_0f9cbf42cbe99a,returned_human_item_summary_v1,4.39,4.64,3.97,1.0,4.0,1,1,2026-04-26T13:51:29+00:00,SC-AEC-Echo,double_talk__dc393d5053797dce,doubletalk__f03ba73a__root__KVbGTrqdIU0FIbN1ZuX68g_doubletalk,double_talk,rating
trap_34a2f58f507287,returned_human_item_summary_v1,1.0,1.0,1.0,0.0,2.0,1,1,2026-04-26T13:51:29+00:00,All-Zero-Control,echo_path_motion__12025881922cf0b2,doubletalk__f03ba73a__root__7688e22a-bf62-4e86-9d74-882e52599b5b_doubletalk-with-movement,echo_path_motion,degenerate_trap
hr_33973e706dc6d0,returned_human_item_summary_v1,3.23,3.3,2.61,1.0,4.0,1,1,2026-04-26T13:51:29+00:00,NLMS,low_ser_overlap__8968c00fe8d7229e,fileid_18,low_ser_overlap,rating
hr_ce711c1ca9ee69,returned_human_item_summary_v1,3.0,2.49,4.75,0.0,4.0,1,1,2026-04-26T13:51:29+00:00,NLMS,far_end_single_talk__2c2343b31ea5a261,farend-singletalk__eb6d9058__root__bd8328b8-ed2d-4aed-9daa-eeda6ed8309a_farend-singletalk,far_end_single_talk,rating
hr_009c04b1766750,returned_human_item_summary_v1,4.34,4.51,3.97,1.0,4.0,1,1,2026-04-26T13:51:29+00:00,NLMS,double_talk__7d3e5bc204150de8,doubletalk__f03ba73a__root__7f925492-c4a7-4ea6-9cb6-ae8aa666879e_doubletalk,double_talk,rating
hr_9253ce32499a8b,returned_human_item_summary_v1,3.49,2.82,3.65,1.0,4.0,1,1,2026-04-26T13:51:29+00:00,ASTWS public checkpoint transfer,noisy_double_talk__0b324e7d44377dd6,fileid_97,noisy_double_talk,rating
hr_9f58c5244fa91f,returned_human_item_summary_v1,3.79,4.12,3.53,1.0,3.0,1,1,2026-04-26T13:51:29+00:00,SC-AEC-Echo,far_end_single_talk__c3f263829ad53168,farend-singletalk__eb6d9058__root__9TUrXnKCGEGzklkn3B4XjA_farend-singletalk,far_end_single_talk,rating
hr_26d7a9779d8160,returned_human_item_summary_v1,4.18,4.03,4.05,1.0,4.0,1,1,2026-04-26T13:51:29+00:00,ASTWS public checkpoint transfer,double_talk__ca88d7d0c20a699a,doubletalk__f03ba73a__root__b598b326-384b-42ce-99ca-6d3fe128c111_doubletalk,double_talk,rating
hr_91d8e465248179,returned_human_item_summary_v1,3.96,4.6,3.1,1.0,4.0,1,1,2026-04-26T13:51:29+00:00,ASTWS-H16k,noisy_double_talk__dc66caeb10f55dd9,fileid_70,noisy_double_talk,rating
hr_c9fc6ee2c1a369,returned_human_item_summary_v1,3.57,2.82,3.83,1.0,4.0,1,1,2026-04-26T13:51:29+00:00,ASTWS public checkpoint transfer,double_talk__fbf9c05a57bc9d86,doubletalk__f03ba73a__root__e5af1974-e440-4d99-87ed-a75ee6a05ca1_doubletalk,double_talk,rating
hr_284106b9629a70,returned_human_item_summary_v1,4.38,5.0,3.69,1.0,4.0,1,1,2026-04-26T13:51:29+00:00,SC-AEC-Preserve,near_end_single_talk__9218f1e1fe829489,fileid_499,near_end_single_talk,rating
hr_75afb708125b4f,returned_human_item_summary_v1,2.4,1.25,5.0,0.0,4.0,1,1,2026-04-26T13:51:29+00:00,ASTWS public checkpoint transfer,far_end_single_talk__3eff4a07f182cd69,farend-singletalk__eb6d9058__root__gm1jGyCc00KI1b65ow1E6A_farend-singletalk,far_end_single_talk,rating
hr_4db0b6a95921d6,returned_human_item_summary_v1,3.0,4.39,2.09,0.0,4.0,1,1,2026-04-26T13:51:29+00:00,NLMS,double_talk__12b7b6c3f2118e02,doubletalk__f03ba73a__root__v000iTBmeEWxqSnlgG0dYg_doubletalk,double_talk,rating
hr_4bd67bec8f2959,returned_human_item_summary_v1,2.4,4.65,1.52,0.0,4.0,1,1,2026-04-26T13:51:29+00:00,ASTWS-H16k,double_talk__12b7b6c3f2118e02,doubletalk__f03ba73a__root__v000iTBmeEWxqSnlgG0dYg_doubletalk,double_talk,rating
hr_194eabd86d6652,returned_human_item_summary_v1,4.18,4.07,4.02,1.0,4.0,1,1,2026-04-26T13:51:29+00:00,Deep Echo public checkpoint transfer,double_talk__ca88d7d0c20a699a,doubletalk__f03ba73a__root__b598b326-384b-42ce-99ca-6d3fe128c111_doubletalk,double_talk,rating
hr_55d7548ae54c10,returned_human_item_summary_v1,2.4,1.82,4.7,0.0,4.0,1,1,2026-04-26T13:51:29+00:00,SC-AEC-Echo,far_end_single_talk__013d26421eefe63c,farend-singletalk__eb6d9058__root__f16e9c6e-e821-464d-b006-406d45bb9ada_farend-singletalk,far_end_single_talk,rating
hr_8416f3b749ddfd,returned_human_item_summary_v1,4.36,5.0,3.62,1.0,4.0,1,1,2026-04-26T13:51:29+00:00,ASTWS-H16k,near_end_single_talk__52ebf4e1da0c13dd,fileid_57,near_end_single_talk,rating
hr_02ea2f51a776eb,returned_human_item_summary_v1,2.4,3.39,1.82,0.0,4.0,1,1,2026-04-26T13:51:29+00:00,NLMS,noisy_double_talk__4ce4f233a03871a4,fileid_128,noisy_double_talk,rating
hr_8ed1db2a5be11c,returned_human_item_summary_v1,4.53,3.88,5.0,1.0,4.0,1,1,2026-04-26T13:51:29+00:00,ASTWS-H16k,far_end_single_talk__351ae176aef5a986,farend-singletalk__eb6d9058__root__UAHwsB4iRUmm990YSJJOtg_farend-singletalk,far_end_single_talk,rating
hr_a993c3f0b6c0b0,returned_human_item_summary_v1,2.4,4.16,1.73,0.0,4.0,1,1,2026-04-26T13:51:29+00:00,SC-AEC-Echo,low_ser_overlap__e0d46cbd150da7bf,fileid_445,low_ser_overlap,rating
hr_cebd4b1d8ec7b9,returned_human_item_summary_v1,2.4,4.4,1.49,0.0,4.0,1,1,2026-04-26T13:51:29+00:00,SC-AEC-Preserve,low_ser_overlap__3a8cd8291a2f1a57,fileid_432,low_ser_overlap,rating
hr_a63a808fddea25,returned_human_item_summary_v1,4.2,3.1,5.0,1.0,4.0,1,1,2026-04-26T13:51:29+00:00,ASTWS-H16k,far_end_single_talk__c3f263829ad53168,farend-singletalk__eb6d9058__root__9TUrXnKCGEGzklkn3B4XjA_farend-singletalk,far_end_single_talk,rating
hr_4898d9ed19b9ab,returned_human_item_summary_v1,4.52,4.67,4.22,1.0,4.0,1,1,2026-04-26T13:51:29+00:00,ASTWS-H16k,double_talk__dc393d5053797dce,doubletalk__f03ba73a__root__KVbGTrqdIU0FIbN1ZuX68g_doubletalk,double_talk,rating
hr_f36a0f69a552b2,returned_human_item_summary_v1,2.4,2.88,1.85,0.0,4.0,1,1,2026-04-26T13:51:29+00:00,NLMS,noisy_double_talk__0b324e7d44377dd6,fileid_97,noisy_double_talk,rating
hr_cd2800982fba4a,returned_human_item_summary_v1,3.93,3.7,3.81,1.0,4.0,1,1,2026-04-26T13:51:29+00:00,SC-AEC-Preserve,echo_path_motion__604f54c33e98bfeb,doubletalk__f03ba73a__root__08ec6dc2-c8a8-423f-a5b1-73affaef4cfa_doubletalk-with-movement,echo_path_motion,rating
hr_f51608586ee442,returned_human_item_summary_v1,4.5,5.0,3.88,1.0,4.0,1,1,2026-04-26T13:51:29+00:00,NLMS,near_end_single_talk__ff3be81b2951c71a,fileid_129,near_end_single_talk,rating
hr_650419058b4f78,returned_human_item_summary_v1,3.53,3.12,3.46,1.0,4.0,1,1,2026-04-26T13:51:29+00:00,NLMS,echo_path_motion__d13d5d45141a872f,doubletalk__f03ba73a__root__11831959-16d3-4240-b4d7-6c3f19936718_doubletalk-with-movement,echo_path_motion,rating
hr_0529e94346ea39,returned_human_item_summary_v1,4.47,4.75,4.05,1.0,4.0,1,1,2026-04-26T13:51:29+00:00,ASTWS-H16k,double_talk__6624c4ebc90ade47,doubletalk__f03ba73a__root__iQLkmqqiZkijw0RrsbLYlQ_doubletalk,double_talk,rating
hr_3ba658f95b9e82,returned_human_item_summary_v1,2.4,3.83,1.7,0.0,4.0,1,1,2026-04-26T13:51:29+00:00,ASTWS-H16k,echo_path_motion__d13d5d45141a872f,doubletalk__f03ba73a__root__11831959-16d3-4240-b4d7-6c3f19936718_doubletalk-with-movement,echo_path_motion,rating
hr_b14e50aa1963f2,returned_human_item_summary_v1,3.91,4.62,2.89,1.0,4.0,1,1,2026-04-26T13:51:29+00:00,ASTWS public checkpoint transfer,double_talk__12b7b6c3f2118e02,doubletalk__f03ba73a__root__v000iTBmeEWxqSnlgG0dYg_doubletalk,double_talk,rating
hr_0ec7cc55a12234,returned_human_item_summary_v1,4.43,5.0,3.71,1.0,4.0,1,1,2026-04-26T13:51:29+00:00,SC-AEC-Preserve,near_end_single_talk__e261cdf4019f72ed,fileid_197,near_end_single_talk,rating
hr_d9be7a915fbd67,returned_human_item_summary_v1,2.4,4.41,1.52,0.0,4.0,1,1,2026-04-26T13:51:29+00:00,SC-AEC-Preserve,echo_path_motion__12025881922cf0b2,doubletalk__f03ba73a__root__7688e22a-bf62-4e86-9d74-882e52599b5b_doubletalk-with-movement,echo_path_motion,rating
hr_aeb747aef2e0ce,returned_human_item_summary_v1,2.4,3.6,1.62,0.0,4.0,1,1,2026-04-26T13:51:29+00:00,NLMS,double_talk__ca88d7d0c20a699a,doubletalk__f03ba73a__root__b598b326-384b-42ce-99ca-6d3fe128c111_doubletalk,double_talk,rating
hr_7e2503dae49bf8,returned_human_item_summary_v1,3.0,4.0,2.04,0.0,4.0,1,1,2026-04-26T13:51:29+00:00,Deep Echo public checkpoint transfer,noisy_double_talk__3e7195c251ca3bcf,fileid_365,noisy_double_talk,rating
hr_abc5fbe183c65a,returned_human_item_summary_v1,2.4,3.98,1.88,0.0,4.0,1,1,2026-04-26T13:51:29+00:00,ASTWS-H16k,low_ser_overlap__e7e2eb825aced58d,fileid_159,low_ser_overlap,rating
hr_09861648cb738f,returned_human_item_summary_v1,4.54,4.98,4.05,1.0,4.0,1,1,2026-04-26T13:51:29+00:00,SC-AEC-Preserve,double_talk__63e2345becbf5a53,doubletalk__f03ba73a__root__31cfa60c-8aa2-441f-b7b6-e0db619ae909_doubletalk,double_talk,rating
hr_6baeb98655b27e,returned_human_item_summary_v1,3.49,3.43,3.06,1.0,4.0,1,1,2026-04-26T13:51:29+00:00,ASTWS public checkpoint transfer,echo_path_motion__12025881922cf0b2,doubletalk__f03ba73a__root__7688e22a-bf62-4e86-9d74-882e52599b5b_doubletalk-with-movement,echo_path_motion,rating
hr_0028e840a9eafe,returned_human_item_summary_v1,3.0,2.13,4.95,0.0,4.0,1,1,2026-04-26T13:51:29+00:00,SC-AEC-Preserve,far_end_single_talk__18dcb7b7eb81dd55,farend-singletalk__eb6d9058__root__au0OFsctrku59giLt4VQTQ_farend-singletalk,far_end_single_talk,rating
hr_3f1d4087ebb365,returned_human_item_summary_v1,2.4,4.39,1.32,0.0,4.0,1,1,2026-04-26T13:51:29+00:00,Deep Echo public checkpoint transfer,low_ser_overlap__1063fa3bc36cd136,fileid_327,low_ser_overlap,rating
hr_a9bff52331d0f0,returned_human_item_summary_v1,2.4,4.4,1.29,0.0,4.0,1,1,2026-04-26T13:51:29+00:00,SC-AEC-Echo,low_ser_overlap__1063fa3bc36cd136,fileid_327,low_ser_overlap,rating
hr_1b949e289191fc,returned_human_item_summary_v1,2.4,4.6,1.0,0.0,4.0,1,1,2026-04-26T13:51:29+00:00,SC-AEC-Echo,noisy_double_talk__3e7195c251ca3bcf,fileid_365,noisy_double_talk,rating
rep_96bf98dd009863,returned_human_item_summary_v1,2.4,4.06,1.67,0.0,4.0,1,1,2026-04-26T13:51:29+00:00,Deep Echo public checkpoint transfer,low_ser_overlap__e0d46cbd150da7bf,fileid_445,low_ser_overlap,hidden_repeat
hr_c4d16b4432e1ab,returned_human_item_summary_v1,3.5,2.78,3.71,1.0,4.0,1,1,2026-04-26T13:51:29+00:00,NLMS,double_talk__ee2f1c34a5affb7a,doubletalk__f03ba73a__root__0CI8zRqd2U609L9H09qWrA_doubletalk,double_talk,rating
hr_52b6f443a7ccd5,returned_human_item_summary_v1,2.4,1.84,4.12,0.0,4.0,1,1,2026-04-26T13:51:29+00:00,ASTWS public checkpoint transfer,noisy_double_talk__2e03707942a55f6e,fileid_141,noisy_double_talk,rating
hr_ca638a170558da,returned_human_item_summary_v1,3.67,2.9,3.98,1.0,4.0,1,1,2026-04-26T13:51:29+00:00,ASTWS public checkpoint transfer,noisy_double_talk__9e64a17e918989f5,fileid_234,noisy_double_talk,rating
hr_2b897b906cfe52,returned_human_item_summary_v1,2.4,1.82,3.67,0.0,4.0,1,1,2026-04-26T13:51:29+00:00,ASTWS-H16k,echo_path_motion__102b09a8f53351ea,doubletalk__f03ba73a__root__hdNQZhLx0Ui03H20NSBv1g_doubletalk-with-movement,echo_path_motion,rating
hr_b9b1187b7aef4b,returned_human_item_summary_v1,3.0,2.21,4.86,0.0,4.0,1,1,2026-04-26T13:51:29+00:00,SC-AEC-Echo,echo_path_motion__c09924bc3dab856f,farend-singletalk__eb6d9058__root__9d1645a6-0d73-4dd2-b946-619201420143_farend-singletalk-with-movement,echo_path_motion,rating
hr_585c1aeee328cc,returned_human_item_summary_v1,4.39,5.0,3.62,1.0,4.0,1,1,2026-04-26T13:51:29+00:00,ASTWS public checkpoint transfer,near_end_single_talk__52ebf4e1da0c13dd,fileid_57,near_end_single_talk,rating
hr_3928a3086fcfff,returned_human_item_summary_v1,4.75,4.41,5.0,1.0,4.0,1,1,2026-04-26T13:51:29+00:00,Deep Echo public checkpoint transfer,far_end_single_talk__c22008506fb03af3,farend-singletalk__eb6d9058__root__1uN6ZKjkE0ixLzBApJFouw_farend-singletalk,far_end_single_talk,rating
hr_5424d31f2b384a,returned_human_item_summary_v1,2.4,3.85,1.72,0.0,4.0,1,1,2026-04-26T13:51:29+00:00,NLMS,low_ser_overlap__e0d46cbd150da7bf,fileid_445,low_ser_overlap,rating
hr_0a0aea537912e2,returned_human_item_summary_v1,3.83,4.15,3.19,1.0,4.0,1,1,2026-04-26T13:51:29+00:00,SC-AEC-Preserve,noisy_double_talk__78f2641ec051e5f2,fileid_93,noisy_double_talk,rating
hr_a994862c92ba6d,returned_human_item_summary_v1,2.4,4.07,1.99,0.0,4.0,1,1,2026-04-26T13:51:29+00:00,NLMS,echo_path_motion__811cb271f26d428a,doubletalk__f03ba73a__root__Km8brWUHUUmGVbTjlvSt9g_doubletalk-with-movement,echo_path_motion,rating
hr_0e78b8386f7a9a,returned_human_item_summary_v1,2.4,1.21,4.39,0.0,4.0,1,1,2026-04-26T13:51:29+00:00,Deep Echo public checkpoint transfer,double_talk__b3846f1d2835c8c0,doubletalk__f03ba73a__root__hUcOKoqv0Uavp33Xrf2uWQ_doubletalk,double_talk,rating
hr_1b66482261d63d,returned_human_item_summary_v1,2.4,1.88,4.04,0.0,4.0,1,1,2026-04-26T13:51:29+00:00,ASTWS public checkpoint transfer,double_talk__694c3420a10a8f3e,doubletalk__f03ba73a__root__4f4608a6-6904-421b-8d47-b1b177bec389_doubletalk,double_talk,rating
hr_d1ac8ceebae6ad,returned_human_item_summary_v1,4.2,3.71,4.55,1.0,4.0,1,1,2026-04-26T13:51:29+00:00,SC-AEC-Preserve,far_end_single_talk__351ae176aef5a986,farend-singletalk__eb6d9058__root__UAHwsB4iRUmm990YSJJOtg_farend-singletalk,far_end_single_talk,rating
hr_c400de0d866c36,returned_human_item_summary_v1,2.4,1.93,3.39,0.0,4.0,1,1,2026-04-26T13:51:29+00:00,ASTWS public checkpoint transfer,low_ser_overlap__e0d46cbd150da7bf,fileid_445,low_ser_overlap,rating
hr_35cd309c971cfa,returned_human_item_summary_v1,2.4,4.02,1.89,0.0,4.0,1,1,2026-04-26T13:51:29+00:00,NLMS,low_ser_overlap__4463078ac2b3d54f,fileid_205,low_ser_overlap,rating
hr_b758d5cd583bdb,returned_human_item_summary_v1,4.52,5.0,3.91,1.0,4.0,1,1,2026-04-26T13:51:29+00:00,SC-AEC-Echo,near_end_single_talk__ff3be81b2951c71a,fileid_129,near_end_single_talk,rating
hr_dc4c1f832b9d22,returned_human_item_summary_v1,3.54,3.9,2.74,1.0,4.0,1,1,2026-04-26T13:51:29+00:00,Deep Echo public checkpoint transfer,low_ser_overlap__48dd58d6d20466b4,fileid_234,low_ser_overlap,rating
hr_4634744dfad292,returned_human_item_summary_v1,4.36,4.51,4.03,1.0,4.0,1,1,2026-04-26T13:51:29+00:00,SC-AEC-Preserve,double_talk__6624c4ebc90ade47,doubletalk__f03ba73a__root__iQLkmqqiZkijw0RrsbLYlQ_doubletalk,double_talk,rating
hr_6e55236a709bf1,returned_human_item_summary_v1,4.03,3.6,4.14,1.0,4.0,1,1,2026-04-26T13:51:29+00:00,ASTWS public checkpoint transfer,noisy_double_talk__c109889ca5a76e63,fileid_110,noisy_double_talk,rating
hr_af8c6f87751ee7,returned_human_item_summary_v1,4.2,5.0,3.23,1.0,4.0,1,1,2026-04-26T13:51:29+00:00,SC-AEC-Echo,near_end_single_talk__fb7cf57c7c22c517,fileid_408,near_end_single_talk,rating
hr_bf27f22b345f26,returned_human_item_summary_v1,2.4,1.78,3.76,0.0,4.0,1,1,2026-04-26T13:51:29+00:00,NLMS,echo_path_motion__17a98cacd7bbd12a,doubletalk__f03ba73a__root__b54e05b3-0807-45e7-8993-df7c7fe23969_doubletalk-with-movement,echo_path_motion,rating
hr_d4ff665152161f,returned_human_item_summary_v1,4.13,5.0,3.08,1.0,4.0,1,1,2026-04-26T13:51:29+00:00,ASTWS public checkpoint transfer,near_end_single_talk__fb7cf57c7c22c517,fileid_408,near_end_single_talk,rating
hr_519bc53193ed39,returned_human_item_summary_v1,3.97,5.0,2.85,1.0,4.0,1,1,2026-04-26T13:51:29+00:00,ASTWS-H16k,near_end_single_talk__fb7cf57c7c22c517,fileid_408,near_end_single_talk,rating
hr_435b9e70d93bd1,returned_human_item_summary_v1,4.04,4.28,3.6,1.0,4.0,1,1,2026-04-26T13:51:29+00:00,SC-AEC-Preserve,double_talk__54b8ea2e02770f5e,doubletalk__f03ba73a__root__g6A4GlGjWU6B0ejlO4tSbQ_doubletalk,double_talk,rating
hr_bd418c3616f6ea,returned_human_item_summary_v1,4.03,4.07,4.0,1.0,4.0,1,1,2026-04-26T13:51:29+00:00,SC-AEC-Echo,echo_path_motion__dc27422d8707604b,farend-singletalk__eb6d9058__root__J38L7HovCECPO1oce0Ua2g_farend-singletalk-with-movement,echo_path_motion,rating
